CREATE DATABASE HotelProject;

-- ============================================================
-- CREATE TABLES 
-- INSERT INTO
-- REFERENCE RELATIONS 
-- ============================================================

-- rozaleen
CREATE TABLE GUEST(
  GUEST_ID INT PRIMARY KEY,
  FirstName VARCHAR(50),
  LastName VARCHAR(50),
  Email VARCHAR(100),
  Street VARCHAR(50),
  City VARCHAR(50),
  Country VARCHAR(50),
  DateOfBirth DATE
);

DELETE FROM GUEST WHERE GUEST_ID >= 0;

INSERT INTO GUEST (GUEST_ID, FirstName, LastName, Email, Street, City, Country, DateOfBirth) VALUES
(1, 'Omar', 'Hassan', 'omar.hassan@gmail.com', '12 Nile St', 'Cairo', 'Egypt', '1995-03-15'),
(2, 'Mariam', 'Saeed', 'mariam.saeed@gmail.com', '45 Tahrir Ave', 'Cairo', 'Egypt', '1998-07-22'),
(3, 'John', 'Smith', 'john.smith@mail.com', '88 King Road', 'London', 'UK', '1989-11-05'),
(4, 'Sara', 'Ali', 'sara.ali@yahoo.com', '23 Green St', 'Alexandria', 'Egypt', '2000-02-10'),
(5, 'David', 'Brown', 'david.brown@outlook.com', '100 Sunset Blvd', 'Los Angeles', 'USA', '1987-09-19'),
(6, 'Lina', 'Khaled', 'lina.khaled@gmail.com', '77 Palm St', 'Dubai', 'UAE', '1993-12-03'),
(7, 'Ahmed', 'Ibrahim', 'ahmed.ibrahim@mail.com', '55 Corniche Rd', 'Doha', 'Qatar', '1991-06-14'),
(8, 'Emily', 'Jones', 'emily.jones@hotmail.com', '17 Maple Way', 'Toronto', 'Canada', '1999-04-28'),
(9, 'Youssef', 'Magdy', 'youssef.magdy@gmail.com', '14 Lotus St', 'Giza', 'Egypt', '2001-01-08'),
(10, 'Hana', 'Youssef', 'hana.youssef@mail.com', '29 Garden Rd', 'Cairo', 'Egypt', '1996-10-30'),
(11, 'Karim', 'Mahmoud', 'karim.mahmoud@gmail.com', '101 Nile Corniche', 'Cairo', 'Egypt', '1994-05-11'),
(12, 'Nora', 'El-Sayed', 'nora.elsayed@gmail.com', '202 Palm Grove', 'Giza', 'Egypt', '1997-08-19'),
(13, 'Omar', 'Abdullah', 'omar.abdullah@mail.com', '78 Beach Rd', 'Alexandria', 'Egypt', '1992-12-09'),
(14, 'Leila', 'Farid', 'leila.farid@yahoo.com', '33 Rose St', 'Alexandria', 'Egypt', '1999-03-23'),
(15, 'Ziad', 'Fathi', 'ziad.fathi@outlook.com', '55 Sunset Blvd', 'Cairo', 'Egypt', '1988-07-30'),
(16, 'Dina', 'Rashad', 'dina.rashad@gmail.com', '88 Cedar Ave', 'Giza', 'Egypt', '2002-09-17'),
(17, 'Tamer', 'Salem', 'tamer.salem@mail.com', '19 Olive Ln', 'Cairo', 'Egypt', '1990-11-02'),
(18, 'Mona', 'Naguib', 'mona.naguib@hotmail.com', '47 Jasmine Rd', 'Alexandria', 'Egypt', '1995-04-06'),
(19, 'Omar', 'Mostafa', 'omar.mostafa@gmail.com', '66 Palm St', 'Giza', 'Egypt', '1993-01-27'),
(20, 'Huda', 'Kamal', 'huda.kamal@mail.com', '123 Tahrir Sq', 'Cairo', 'Egypt', '1996-06-12'),
(21, 'Sami', 'Hassan', 'sami.hassan@gmail.com', '12 Lotus St', 'Cairo', 'Egypt', '1995-02-14'),
(22, 'Nadia', 'Fahmy', 'nadia.fahmy@mail.com', '44 Palm St', 'Cairo', 'Egypt', '1998-09-21'),
(23, 'Rami', 'El-Desouky', 'rami.desouky@gmail.com', '55 Nile Rd', 'Alexandria', 'Egypt', '1991-05-17'),
(24, 'Yasmin', 'Shoukry', 'yasmin.shoukry@hotmail.com', '23 Rose Ln', 'Alexandria', 'Egypt', '1996-03-29'),
(25, 'Mohamed', 'Kamel', 'mohamed.kamel@mail.com', '78 Garden Rd', 'Cairo', 'Egypt', '1990-12-05'),
(26, 'Heba', 'Sami', 'heba.sami@gmail.com', '67 Cedar St', 'Cairo', 'Egypt', '1997-08-11'),
(27, 'Walid', 'Mostafa', 'walid.mostafa@gmail.com', '12 Olive Rd', 'Giza', 'Egypt', '1992-07-08'),
(28, 'Salma', 'Tamer', 'salma.tamer@mail.com', '89 Jasmine Ave', 'Giza', 'Egypt', '1999-01-21'),
(29, 'Ibrahim', 'Adel', 'ibrahim.adel@gmail.com', '45 Palm Grove', 'Alexandria', 'Egypt', '1989-11-12'),
(30, 'Rana', 'Fawzy', 'rana.fawzy@hotmail.com', '33 Rose Rd', 'Alexandria', 'Egypt', '2000-04-18'),
(31, 'Hassan', 'El-Sherif', 'hassan.sherif@mail.com', '21 Nile St', 'Cairo', 'Egypt', '1994-05-27'),
(32, 'Aya', 'Hany', 'aya.hany@gmail.com', '12 Palm St', 'Cairo', 'Egypt', '1995-08-09'),
(33, 'Omar', 'Saeed', 'omar.saeed@mail.com', '44 Cedar Rd', 'Giza', 'Egypt', '1993-06-15'),
(34, 'Laila', 'Ramy', 'laila.ramy@gmail.com', '66 Garden Ln', 'Giza', 'Egypt', '1998-02-12'),
(35, 'Mostafa', 'Hassan', 'mostafa.hassan@gmail.com', '77 Rose St', 'Alexandria', 'Egypt', '1991-09-03'),
(36, 'Dina', 'Nader', 'dina.nader@mail.com', '88 Jasmine Rd', 'Alexandria', 'Egypt', '1997-12-24'),
(37, 'Yasser', 'Farag', 'yasser.farag@gmail.com', '101 Palm St', 'Cairo', 'Egypt', '1988-11-07'),
(38, 'Mona', 'Hany', 'mona.hany@hotmail.com', '55 Cedar Ave', 'Cairo', 'Egypt', '1996-07-15'),
(39, 'Karim', 'Naguib', 'karim.naguib@gmail.com', '12 Nile Rd', 'Giza', 'Egypt', '1992-10-20'),
(40, 'Huda', 'El-Sayed', 'huda.elsayed@mail.com', '33 Palm St', 'Giza', 'Egypt', '1999-05-28'),
(41, 'Adel', 'Hassan', 'adel.hassan@gmail.com', '12 Lotus St', 'Cairo', 'Egypt', '1993-03-14'),
(42, 'Farah', 'Khaled', 'farah.khaled@mail.com', '44 Palm St', 'Cairo', 'Egypt', '1997-08-02'),
(43, 'Amr', 'Saeed', 'amr.saeed@gmail.com', '55 Nile Rd', 'Alexandria', 'Egypt', '1990-11-22'),
(44, 'Nour', 'Ramy', 'nour.ramy@hotmail.com', '23 Rose Ln', 'Alexandria', 'Egypt', '1995-01-19'),
(45, 'Omar', 'Adel', 'omar.adel@mail.com', '78 Garden Rd', 'Cairo', 'Egypt', '1992-07-25'),
(46, 'Salma', 'Hassan', 'salma.hassan@gmail.com', '67 Cedar St', 'Cairo', 'Egypt', '1998-04-10'),
(47, 'Tamer', 'Fawzy', 'tamer.fawzy@gmail.com', '12 Olive Rd', 'Giza', 'Egypt', '1989-12-13'),
(48, 'Aya', 'Mostafa', 'aya.mostafa@mail.com', '89 Jasmine Ave', 'Giza', 'Egypt', '1996-09-05'),
(49, 'Ahmed', 'Nader', 'ahmed.nader@gmail.com', '45 Palm Grove', 'Alexandria', 'Egypt', '1991-05-28'),
(50, 'Laila', 'Farag', 'laila.farag@hotmail.com', '33 Rose Rd', 'Alexandria', 'Egypt', '1999-03-17'),
(51, 'Mohamed', 'El-Sherif', 'mohamed.sherif@mail.com', '21 Nile St', 'Cairo', 'Egypt', '1994-12-09'),
(52, 'Mona', 'Hany', 'mona.hany@gmail.com', '12 Palm St', 'Cairo', 'Egypt', '1995-06-21'),
(53, 'Omar', 'Kamel', 'omar.kamel@mail.com', '44 Cedar Rd', 'Giza', 'Egypt', '1992-11-14'),
(54, 'Dina', 'Mahmoud', 'dina.mahmoud@gmail.com', '66 Garden Ln', 'Giza', 'Egypt', '1998-02-04'),
(55, 'Yasser', 'Hassan', 'yasser.hassan@gmail.com', '77 Rose St', 'Alexandria', 'Egypt', '1991-07-16'),
(56, 'Huda', 'Nader', 'huda.nader@mail.com', '88 Jasmine Rd', 'Alexandria', 'Egypt', '1997-12-09'),
(57, 'Karim', 'Farag', 'karim.farag@gmail.com', '101 Palm St', 'Cairo', 'Egypt', '1988-10-20'),
(58, 'Nadia', 'Hany', 'nadia.hany@hotmail.com', '55 Cedar Ave', 'Cairo', 'Egypt', '1996-01-11'),
(59, 'Adel', 'Naguib', 'adel.naguib@gmail.com', '12 Nile Rd', 'Giza', 'Egypt', '1992-04-07'),
(60, 'Leila', 'El-Sayed', 'leila.elsayed@mail.com', '33 Palm St', 'Giza', 'Egypt', '1999-05-25'),
(61, 'Rami', 'Hassan', 'rami.hassan@gmail.com', '12 Lotus St', 'Cairo', 'Egypt', '1993-07-12'),
(62, 'Mona', 'Khaled', 'mona.khaled@mail.com', '44 Palm St', 'Cairo', 'Egypt', '1997-02-23'),
(63, 'Omar', 'Saeed', 'omar.saeed@gmail.com', '55 Nile Rd', 'Alexandria', 'Egypt', '1990-11-30'),
(64, 'Salma', 'Ramy', 'salma.ramy@hotmail.com', '23 Rose Ln', 'Alexandria', 'Egypt', '1995-03-05'),
(65, 'Yasser', 'Adel', 'yasser.adel@mail.com', '78 Garden Rd', 'Cairo', 'Egypt', '1992-08-19'),
(66, 'Huda', 'Hassan', 'huda.hassan@gmail.com', '67 Cedar St', 'Cairo', 'Egypt', '1998-12-01'),
(67, 'Karim', 'Fawzy', 'karim.fawzy@gmail.com', '12 Olive Rd', 'Giza', 'Egypt', '1989-05-28'),
(68, 'Aya', 'Mostafa', 'aya.mostafa@mail.com', '89 Jasmine Ave', 'Giza', 'Egypt', '1996-11-14'),
(69, 'Ahmed', 'Nader', 'ahmed.nader@gmail.com', '45 Palm Grove', 'Alexandria', 'Egypt', '1991-01-23'),
(70, 'Leila', 'Farag', 'leila.farag@hotmail.com', '33 Rose Rd', 'Alexandria', 'Egypt', '1999-08-17'),
(71, 'Mohamed', 'El-Sherif', 'mohamed.sherif@mail.com', '21 Nile St', 'Cairo', 'Egypt', '1994-05-02'),
(72, 'Dina', 'Hany', 'dina.hany@gmail.com', '12 Palm St', 'Cairo', 'Egypt', '1995-10-09'),
(73, 'Omar', 'Kamel', 'omar.kamel@mail.com', '44 Cedar Rd', 'Giza', 'Egypt', '1992-06-15'),
(74, 'Rana', 'Mahmoud', 'rana.mahmoud@gmail.com', '66 Garden Ln', 'Giza', 'Egypt', '1998-09-28'),
(75, 'Youssef', 'Hassan', 'youssef.hassan@gmail.com', '77 Rose St', 'Alexandria', 'Egypt', '1991-03-21'),
(76, 'Heba', 'Nader', 'heba.nader@mail.com', '88 Jasmine Rd', 'Alexandria', 'Egypt', '1997-07-19'),
(77, 'Karim', 'Farag', 'karim.farag@gmail.com', '101 Palm St', 'Cairo', 'Egypt', '1988-09-25'),
(78, 'Nadia', 'Hany', 'nadia.hany@hotmail.com', '55 Cedar Ave', 'Cairo', 'Egypt', '1996-12-12'),
(79, 'Adel', 'Naguib', 'adel.naguib@gmail.com', '12 Nile Rd', 'Giza', 'Egypt', '1992-03-03'),
(80, 'Leila', 'El-Sayed', 'leila.elsayed@mail.com', '33 Palm St', 'Giza', 'Egypt', '1999-01-18'),
(81, 'Rami', 'Hassan', 'rami.hassan@gmail.com', '12 Lotus St', 'Cairo', 'Egypt', '1993-05-11'),
(82, 'Mona', 'Khaled', 'mona.khaled@mail.com', '44 Palm St', 'Cairo', 'Egypt', '1997-09-23'),
(83, 'Omar', 'Saeed', 'omar.saeed@gmail.com', '55 Nile Rd', 'Alexandria', 'Egypt', '1990-12-30'),
(84, 'Salma', 'Ramy', 'salma.ramy@hotmail.com', '23 Rose Ln', 'Alexandria', 'Egypt', '1995-06-05'),
(85, 'Yasser', 'Adel', 'yasser.adel@mail.com', '78 Garden Rd', 'Cairo', 'Egypt', '1992-02-19'),
(86, 'Huda', 'Hassan', 'huda.hassan@gmail.com', '67 Cedar St', 'Cairo', 'Egypt', '1998-05-01'),
(87, 'Karim', 'Fawzy', 'karim.fawzy@gmail.com', '12 Olive Rd', 'Giza', 'Egypt', '1989-09-28'),
(88, 'Aya', 'Mostafa', 'aya.mostafa@mail.com', '89 Jasmine Ave', 'Giza', 'Egypt', '1996-06-14'),
(89, 'Ahmed', 'Nader', 'ahmed.nader@gmail.com', '45 Palm Grove', 'Alexandria', 'Egypt', '1991-08-23'),
(90, 'Leila', 'Farag', 'leila.farag@hotmail.com', '33 Rose Rd', 'Alexandria', 'Egypt', '1999-11-17'),
(91, 'Mohamed', 'El-Sherif', 'mohamed.sherif@mail.com', '21 Nile St', 'Cairo', 'Egypt', '1994-09-02'),
(92, 'Dina', 'Hany', 'dina.hany@gmail.com', '12 Palm St', 'Cairo', 'Egypt', '1995-12-09'),
(93, 'Omar', 'Kamel', 'omar.kamel@mail.com', '44 Cedar Rd', 'Giza', 'Egypt', '1992-10-15'),
(94, 'Rana', 'Mahmoud', 'rana.mahmoud@gmail.com', '66 Garden Ln', 'Giza', 'Egypt', '1998-01-28'),
(95, 'Youssef', 'Hassan', 'youssef.hassan@gmail.com', '77 Rose St', 'Alexandria', 'Egypt', '1991-05-21'),
(96, 'Heba', 'Nader', 'heba.nader@mail.com', '88 Jasmine Rd', 'Alexandria', 'Egypt', '1997-09-19'),
(97, 'Karim', 'Farag', 'karim.farag@gmail.com', '101 Palm St', 'Cairo', 'Egypt', '1988-11-25'),
(98, 'Nadia', 'Hany', 'nadia.hany@hotmail.com', '55 Cedar Ave', 'Cairo', 'Egypt', '1996-03-12'),
(99, 'Adel', 'Naguib', 'adel.naguib@gmail.com', '12 Nile Rd', 'Giza', 'Egypt', '1992-07-03'),
(100, 'Leila', 'El-Sayed', 'leila.elsayed@mail.com', '33 Palm St', 'Giza', 'Egypt', '1999-04-18');






CREATE TABLE PHONES_GUEST(
  PHONE_ID INT PRIMARY KEY,
  GUEST_ID INT NOT NULL,
  PhoneNO VARCHAR(20),
  FOREIGN KEY (GUEST_ID) REFERENCES GUEST(GUEST_ID) ON DELETE CASCADE
);

INSERT INTO PHONES_GUEST (PHONE_ID, GUEST_ID, PhoneNO) VALUES
(1, 1, '+201001234567'),
(2, 2, '+201001234568'),
(3, 3, '+442012345678'),
(4, 4, '+201001234569'),
(5, 5, '+12015551234'),
(6, 6, '+971501234567'),
(7, 7, '+97433123456'),
(8, 8, '+14165551234'),
(9, 9, '+201001234570'),
(10, 10, '+201001234571'),
(11, 11, '+201001234572'),
(12, 12, '+201001234573'),
(13, 13, '+201001234574'),
(14, 14, '+201001234575'),
(15, 15, '+201001234576'),
(16, 16, '+201001234577'),
(17, 17, '+201001234578'),
(18, 18, '+201001234579'),
(19, 19, '+201001234580'),
(20, 20, '+201001234581'),
(21, 21, '+201001234582'),
(22, 22, '+201001234583'),
(23, 23, '+201001234584'),
(24, 24, '+201001234585'),
(25, 25, '+201001234586'),
(26, 26, '+201001234587'),
(27, 27, '+201001234588'),
(28, 28, '+201001234589'),
(29, 29, '+201001234590'),
(30, 30, '+201001234591'),
(31, 31, '+201001234592'),
(32, 32, '+201001234593'),
(33, 33, '+201001234594'),
(34, 34, '+201001234595'),
(35, 35, '+201001234596'),
(36, 36, '+201001234597'),
(37, 37, '+201001234598'),
(38, 38, '+201001234599'),
(39, 39, '+201001234600'),
(40, 40, '+201001234601'),
(41, 41, '+201001234602'),
(42, 42, '+201001234603'),
(43, 43, '+201001234604'),
(44, 44, '+201001234605'),
(45, 45, '+201001234606'),
(46, 46, '+201001234607'),
(47, 47, '+201001234608'),
(48, 48, '+201001234609'),
(49, 49, '+201001234610'),
(50, 50, '+201001234611'),
(51, 51, '+201001234612'),
(52, 52, '+201001234613'),
(53, 53, '+201001234614'),
(54, 54, '+201001234615'),
(55, 55, '+201001234616'),
(56, 56, '+201001234617'),
(57, 57, '+201001234618'),
(58, 58, '+201001234619'),
(59, 59, '+201001234620'),
(60, 60, '+201001234621'),
(61, 61, '+201001234622'),
(62, 62, '+201001234623'),
(63, 63, '+201001234624'),
(64, 64, '+201001234625'),
(65, 65, '+201001234626'),
(66, 66, '+201001234627'),
(67, 67, '+201001234628'),
(68, 68, '+201001234629'),
(69, 69, '+201001234630'),
(70, 70, '+201001234631'),
(71, 71, '+201001234632'),
(72, 72, '+201001234633'),
(73, 73, '+201001234634'),
(74, 74, '+201001234635'),
(75, 75, '+201001234636'),
(76, 76, '+201001234637'),
(77, 77, '+201001234638'),
(78, 78, '+201001234639'),
(79, 79, '+201001234640'),
(80, 80, '+201001234641'),
(81, 81, '+201001234642'),
(82, 82, '+201001234643'),
(83, 83, '+201001234644'),
(84, 84, '+201001234645'),
(85, 85, '+201001234646'),
(86, 86, '+201001234647'),
(87, 87, '+201001234648'),
(88, 88, '+201001234649'),
(89, 89, '+201001234650'),
(90, 90, '+201001234651'),
(91, 91, '+201001234652'),
(92, 92, '+201001234653'),
(93, 93, '+201001234654'),
(94, 94, '+201001234655'),
(95, 95, '+201001234656'),
(96, 96, '+201001234657'),
(97, 97, '+201001234658'),
(98, 98, '+201001234659'),
(99, 99, '+201001234660'),
(100, 100, '+201001234661');


CREATE TABLE Room_Type(
  Type_ID INT PRIMARY KEY,
  TypeName VARCHAR(20),
  Capacity INT,
  PricePerNight DECIMAL(10,2)
);
INSERT INTO Room_Type (Type_ID, TypeName, Capacity, PricePerNight) VALUES
(1, 'Standard', 2, 50.00),
(2, 'Standard', 2, 55.00),
(3, 'Standard', 2, 52.50),
(4, 'Standard', 2, 53.00),
(5, 'Standard', 2, 54.00),
(6, 'Deluxe', 3, 75.00),
(7, 'Deluxe', 3, 78.00),
(8, 'Deluxe', 3, 80.00),
(9, 'Deluxe', 3, 77.50),
(10, 'Deluxe', 3, 79.00),
(11, 'Suite', 4, 120.00),
(12, 'Suite', 4, 125.00),
(13, 'Suite', 4, 130.00),
(14, 'Suite', 4, 128.00),
(15, 'Suite', 4, 135.00),
(16, 'Single', 1, 40.00),
(17, 'Single', 1, 42.00),
(18, 'Single', 1, 41.00),
(19, 'Single', 1, 43.50),
(20, 'Single', 1, 44.00),
(21, 'Double', 2, 60.00),
(22, 'Double', 2, 62.00),
(23, 'Double', 2, 63.50),
(24, 'Double', 2, 61.00),
(25, 'Double', 2, 64.00),
(26, 'Family', 5, 150.00),
(27, 'Family', 5, 155.00),
(28, 'Family', 5, 160.00),
(29, 'Family', 5, 158.00),
(30, 'Family', 5, 162.00),
(31, 'Standard', 2, 56.00),
(32, 'Standard', 2, 57.00),
(33, 'Standard', 2, 58.00),
(34, 'Standard', 2, 59.00),
(35, 'Standard', 2, 60.00),
(36, 'Deluxe', 3, 81.00),
(37, 'Deluxe', 3, 82.50),
(38, 'Deluxe', 3, 83.00),
(39, 'Deluxe', 3, 84.00),
(40, 'Deluxe', 3, 85.00),
(41, 'Suite', 4, 136.00),
(42, 'Suite', 4, 137.00),
(43, 'Suite', 4, 138.00),
(44, 'Suite', 4, 139.00),
(45, 'Suite', 4, 140.00),
(46, 'Single', 1, 45.00),
(47, 'Single', 1, 46.00),
(48, 'Single', 1, 47.00),
(49, 'Single', 1, 48.00),
(50, 'Single', 1, 49.00),
(51, 'Double', 2, 65.00),
(52, 'Double', 2, 66.00),
(53, 'Double', 2, 67.00),
(54, 'Double', 2, 68.00),
(55, 'Double', 2, 69.00),
(56, 'Family', 5, 163.00),
(57, 'Family', 5, 164.00),
(58, 'Family', 5, 165.00),
(59, 'Family', 5, 166.00),
(60, 'Family', 5, 167.00),
(61, 'Standard', 2, 61.00),
(62, 'Standard', 2, 62.00),
(63, 'Standard', 2, 63.00),
(64, 'Standard', 2, 64.00),
(65, 'Standard', 2, 65.00),
(66, 'Deluxe', 3, 86.00),
(67, 'Deluxe', 3, 87.00),
(68, 'Deluxe', 3, 88.00),
(69, 'Deluxe', 3, 89.00),
(70, 'Deluxe', 3, 90.00),
(71, 'Suite', 4, 141.00),
(72, 'Suite', 4, 142.00),
(73, 'Suite', 4, 143.00),
(74, 'Suite', 4, 144.00),
(75, 'Suite', 4, 145.00),
(76, 'Single', 1, 50.00),
(77, 'Single', 1, 51.00),
(78, 'Single', 1, 52.00),
(79, 'Single', 1, 53.00),
(80, 'Single', 1, 54.00),
(81, 'Double', 2, 70.00),
(82, 'Double', 2, 71.00),
(83, 'Double', 2, 72.00),
(84, 'Double', 2, 73.00),
(85, 'Double', 2, 74.00),
(86, 'Family', 5, 168.00),
(87, 'Family', 5, 169.00),
(88, 'Family', 5, 170.00),
(89, 'Family', 5, 171.00),
(90, 'Family', 5, 172.00),
(91, 'Standard', 2, 66.00),
(92, 'Standard', 2, 67.00),
(93, 'Standard', 2, 68.00),
(94, 'Standard', 2, 69.00),
(95, 'Standard', 2, 70.00),
(96, 'Deluxe', 3, 91.00),
(97, 'Deluxe', 3, 92.00),
(98, 'Deluxe', 3, 93.00),
(99, 'Deluxe', 3, 94.00),
(100, 'Deluxe', 3, 95.00);


CREATE TABLE ROOMS(
  ROOM_ID INT PRIMARY KEY,
  RoomNO VARCHAR(10),
  Floor_Number INT,
  Type_ID INT NOT NULL,
  FOREIGN KEY (Type_ID) REFERENCES Room_Type(Type_ID)
);

INSERT INTO ROOMS (ROOM_ID, RoomNO, Floor_Number, Type_ID) VALUES
(1, '101', 1, 1),
(2, '102', 1, 2),
(3, '103', 1, 3),
(4, '104', 1, 4),
(5, '105', 1, 5),
(6, '201', 2, 6),
(7, '202', 2, 7),
(8, '203', 2, 8),
(9, '204', 2, 9),
(10, '205', 2, 10),
(11, '301', 3, 11),
(12, '302', 3, 12),
(13, '303', 3, 13),
(14, '304', 3, 14),
(15, '305', 3, 15),
(16, '401', 4, 16),
(17, '402', 4, 17),
(18, '403', 4, 18),
(19, '404', 4, 19),
(20, '405', 4, 20),
(21, '501', 5, 21),
(22, '502', 5, 22),
(23, '503', 5, 23),
(24, '504', 5, 24),
(25, '505', 5, 25),
(26, '601', 6, 26),
(27, '602', 6, 27),
(28, '603', 6, 28),
(29, '604', 6, 29),
(30, '605', 6, 30),
(31, '701', 7, 31),
(32, '702', 7, 32),
(33, '703', 7, 33),
(34, '704', 7, 34),
(35, '705', 7, 35),
(36, '801', 8, 36),
(37, '802', 8, 37),
(38, '803', 8, 38),
(39, '804', 8, 39),
(40, '805', 8, 40),
(41, '901', 9, 41),
(42, '902', 9, 42),
(43, '903', 9, 43),
(44, '904', 9, 44),
(45, '905', 9, 45),
(46, '1001', 10, 46),
(47, '1002', 10, 47),
(48, '1003', 10, 48),
(49, '1004', 10, 49),
(50, '1005', 10, 50),
(51, '1101', 1, 51),
(52, '1102', 1, 52),
(53, '1103', 1, 53),
(54, '1104', 1, 54),
(55, '1105', 1, 55),
(56, '1201', 2, 56),
(57, '1202', 2, 57),
(58, '1203', 2, 58),
(59, '1204', 2, 59),
(60, '1205', 2, 60),
(61, '1301', 3, 61),
(62, '1302', 3, 62),
(63, '1303', 3, 63),
(64, '1304', 3, 64),
(65, '1305', 3, 65),
(66, '1401', 4, 66),
(67, '1402', 4, 67),
(68, '1403', 4, 68),
(69, '1404', 4, 69),
(70, '1405', 4, 70),
(71, '1501', 5, 71),
(72, '1502', 5, 72),
(73, '1503', 5, 73),
(74, '1504', 5, 74),
(75, '1505', 5, 75),
(76, '1601', 6, 76),
(77, '1602', 6, 77),
(78, '1603', 6, 78),
(79, '1604', 6, 79),
(80, '1605', 6, 80),
(81, '1701', 7, 81),
(82, '1702', 7, 82),
(83, '1703', 7, 83),
(84, '1704', 7, 84),
(85, '1705', 7, 85),
(86, '1801', 8, 86),
(87, '1802', 8, 87),
(88, '1803', 8, 88),
(89, '1804', 8, 89),
(90, '1805', 8, 90),
(91, '1901', 9, 91),
(92, '1902', 9, 92),
(93, '1903', 9, 93),
(94, '1904', 9, 94),
(95, '1905', 9, 95),
(96, '2001', 10, 96),
(97, '2002', 10, 97),
(98, '2003', 10, 98),
(99, '2004', 10, 99),
(100, '2005', 10, 100);

-- =====================================================
-- ====================================================
-- ===================================================

-- zenab
CREATE TABLE Amenities(
  Aminity_ID INT PRIMARY KEY,
  Amenity_Name VARCHAR(50)
);

INSERT INTO Amenities (Aminity_ID, Amenity_Name) VALUES
(1, 'WiFi'),
(2, 'Air Conditioning'),
(3, 'TV'),
(4, 'Mini Bar'),
(5, 'Room Service'),
(6, 'Safe'),
(7, 'Coffee Maker'),
(8, 'Balcony'),
(9, 'Sea View'),
(10, 'Mountain View'),
(11, 'Heating'),
(12, 'Hair Dryer'),
(13, 'Bathtub'),
(14, 'Shower'),
(15, 'Desk'),
(16, 'Iron'),
(17, 'Wardrobe'),
(18, 'Sofa'),
(19, 'Phone'),
(20, 'Laptop Safe'),
(21, 'Microwave'),
(22, 'Fridge'),
(23, 'Snack Bar'),
(24, 'Electric Kettle'),
(25, 'Soundproofing'),
(26, 'Smart TV'),
(27, 'Cable Channels'),
(28, 'Netflix'),
(29, 'Garden View'),
(30, 'City View'),
(31, 'Balcony View'),
(32, 'Terrace'),
(33, 'Private Bathroom'),
(34, 'Shared Bathroom'),
(35, 'Toilet'),
(36, 'Bathrobe'),
(37, 'Slippers'),
(38, 'Towels'),
(39, 'Linens'),
(40, 'Air Purifier'),
(41, 'Water Bottle'),
(42, 'Tea/Coffee Maker'),
(43, 'Coffee Machine'),
(44, 'Kitchenette'),
(45, 'Dining Area'),
(46, 'Dishwasher'),
(47, 'Stove'),
(48, 'Oven'),
(49, 'Kitchenware'),
(50, 'Living Area'),
(51, 'Sitting Area'),
(52, 'Desk Lamp'),
(53, 'Telephone'),
(54, 'Wake-up Service'),
(55, 'Blackout Curtains'),
(56, 'Fan'),
(57, 'Wooden/Parquet Floor'),
(58, 'Carpeted'),
(59, 'Fireplace'),
(60, 'Private Entrance'),
(61, 'Tile/Marble Floor'),
(62, 'Alarm Clock'),
(63, 'Electric Kettle'),
(64, 'Private Pool'),
(65, 'Hot Tub'),
(66, 'Sauna'),
(67, 'Gym'),
(68, 'Fitness Center'),
(69, 'Indoor Pool'),
(70, 'Outdoor Pool'),
(71, 'Terrace View'),
(72, 'Balcony with View'),
(73, 'City Skyline View'),
(74, 'Beachfront'),
(75, 'Garden Access'),
(76, 'Pet Friendly'),
(77, 'Non-Smoking'),
(78, 'Smoking Area'),
(79, 'Parking'),
(80, 'Valet Parking'),
(81, 'Electric Vehicle Charging'),
(82, 'Private Parking'),
(83, 'Shared Lounge'),
(84, 'Bar'),
(85, 'Restaurant'),
(86, 'Breakfast Included'),
(87, 'Air Purifier'),
(88, 'Security Cameras'),
(89, 'Key Card Access'),
(90, '24-hour Front Desk'),
(91, 'Concierge Service'),
(92, 'Luggage Storage'),
(93, 'Baggage Drop'),
(94, 'Ticket Service'),
(95, 'Car Rental'),
(96, 'Shuttle Service'),
(97, 'Airport Shuttle'),
(98, 'Room Decoration'),
(99, 'Welcome Drink'),
(100, 'Evening Entertainment');

CREATE TABLE Room_Amenities(
  ROOM_ID INT,
  Aminity_ID INT,
  PRIMARY KEY (ROOM_ID, Aminity_ID),
  FOREIGN KEY (ROOM_ID) REFERENCES ROOMS(ROOM_ID) ON DELETE CASCADE,
  FOREIGN KEY (Aminity_ID) REFERENCES Amenities(Aminity_ID) ON DELETE CASCADE
);

INSERT INTO Room_Amenities (ROOM_ID, Aminity_ID) VALUES
(1, 1), (1, 2),
(2, 3), (2, 4),
(3, 5), (3, 6),
(4, 7), (4, 8),
(5, 9), (5, 10),
(6, 11), (6, 12),
(7, 13), (7, 14),
(8, 15), (8, 16),
(9, 17), (9, 18),
(10, 19), (10, 20),
(11, 21), (11, 22),
(12, 23), (12, 24),
(13, 25), (13, 26),
(14, 27), (14, 28),
(15, 29), (15, 30),
(16, 31), (16, 32),
(17, 33), (17, 34),
(18, 35), (18, 36),
(19, 37), (19, 38),
(20, 39), (20, 40),
(21, 41), (21, 42),
(22, 43), (22, 44),
(23, 45), (23, 46),
(24, 47), (24, 48),
(25, 49), (25, 50),
(26, 51), (26, 52),
(27, 53), (27, 54),
(28, 55), (28, 56),
(29, 57), (29, 58),
(30, 59), (30, 60),
(31, 61), (31, 62),
(32, 63), (32, 64),
(33, 65), (33, 66),
(34, 67), (34, 68),
(35, 69), (35, 70),
(36, 71), (36, 72),
(37, 73), (37, 74),
(38, 75), (38, 76),
(39, 77), (39, 78),
(40, 79), (40, 80),
(41, 81), (41, 82),
(42, 83), (42, 84),
(43, 85), (43, 86),
(44, 87), (44, 88),
(45, 89), (45, 90),
(46, 91), (46, 92),
(47, 93), (47, 94),
(48, 95), (48, 96),
(49, 97), (49, 98),
(50, 99), (50, 100),
(51, 1), (51, 3),
(52, 2), (52, 4),
(53, 5), (53, 7),
(54, 6), (54, 8),
(55, 9), (55, 11),
(56, 10), (56, 12),
(57, 13), (57, 15),
(58, 14), (58, 16),
(59, 17), (59, 19),
(60, 18), (60, 20),
(61, 21), (61, 23),
(62, 22), (62, 24),
(63, 25), (63, 27),
(64, 26), (64, 28),
(65, 29), (65, 31),
(66, 30), (66, 32),
(67, 33), (67, 35),
(68, 34), (68, 36),
(69, 37), (69, 39),
(70, 38), (70, 40),
(71, 41), (71, 43),
(72, 42), (72, 44),
(73, 45), (73, 47),
(74, 46), (74, 48),
(75, 49), (75, 51),
(76, 50), (76, 52),
(77, 53), (77, 55),
(78, 54), (78, 56),
(79, 57), (79, 59),
(80, 58), (80, 60),
(81, 61), (81, 63),
(82, 62), (82, 64),
(83, 65), (83, 67),
(84, 66), (84, 68),
(85, 69), (85, 71),
(86, 70), (86, 72),
(87, 73), (87, 75),
(88, 74), (88, 76),
(89, 77), (89, 79),
(90, 78), (90, 80),
(91, 81), (91, 83),
(92, 82), (92, 84),
(93, 85), (93, 87),
(94, 86), (94, 88),
(95, 89), (95, 91),
(96, 90), (96, 92),
(97, 93), (97, 95),
(98, 94), (98, 96),
(99, 97), (99, 99),
(100, 98), (100, 100);

CREATE TABLE RESERVATION(
  RESERVATION_ID INT PRIMARY KEY,
  GUEST_ID INT NOT NULL,
  ROOM_ID INT NOT NULL,
  Status VARCHAR(20) DEFAULT 'Booked',
  CheckInDate DATE NOT NULL,
  CheckOutDate DATE NOT NULL,
  NumGuests INT NOT NULL,
  TotalPrice DECIMAL(10,2) NOT NULL,
  FOREIGN KEY (GUEST_ID) REFERENCES GUEST(GUEST_ID) ON DELETE CASCADE,
  FOREIGN KEY (ROOM_ID) REFERENCES ROOMS(ROOM_ID) ON DELETE CASCADE
);

INSERT INTO RESERVATION (RESERVATION_ID, GUEST_ID, ROOM_ID, Status, CheckInDate, CheckOutDate, NumGuests, TotalPrice) VALUES
(1, 1, 10, 'Booked', '2025-12-01', '2025-12-05', 2, 212.00),
(2, 2, 15, 'Booked', '2025-12-03', '2025-12-07', 3, 237.00),
(3, 3, 20, 'CheckedIn', '2025-12-02', '2025-12-06', 1, 120.00),
(4, 4, 25, 'Booked', '2025-12-05', '2025-12-09', 2, 128.00),
(5, 5, 30, 'CheckedOut', '2025-11-28', '2025-12-02', 4, 540.00),
(6, 6, 35, 'Booked', '2025-12-10', '2025-12-12', 2, 118.00),
(7, 7, 40, 'Booked', '2025-12-08', '2025-12-10', 1, 140.00),
(8, 8, 45, 'CheckedIn', '2025-12-06', '2025-12-09', 3, 390.00),
(9, 9, 50, 'Booked', '2025-12-12', '2025-12-15', 2, 164.00),
(10, 10, 55, 'Booked', '2025-12-14', '2025-12-18', 2, 128.00),
(11, 11, 60, 'CheckedOut', '2025-11-30', '2025-12-04', 4, 672.00),
(12, 12, 65, 'Booked', '2025-12-01', '2025-12-03', 1, 68.00),
(13, 13, 70, 'Booked', '2025-12-07', '2025-12-09', 2, 138.00),
(14, 14, 75, 'CheckedIn', '2025-12-10', '2025-12-13', 3, 435.00),
(15, 15, 80, 'Booked', '2025-12-15', '2025-12-18', 2, 164.00),
(16, 16, 85, 'Booked', '2025-12-12', '2025-12-14', 1, 168.00),
(17, 17, 90, 'CheckedOut', '2025-11-28', '2025-12-01', 2, 342.00),
(18, 18, 95, 'Booked', '2025-12-04', '2025-12-06', 2, 140.00),
(19, 19, 100, 'Booked', '2025-12-08', '2025-12-11', 3, 285.00),
(20, 20, 5, 'Booked', '2025-12-10', '2025-12-12', 2, 104.00),
(21, 21, 10, 'Booked', '2025-12-03', '2025-12-06', 1, 106.00),
(22, 22, 15, 'CheckedIn', '2025-12-05', '2025-12-09', 2, 158.00),
(23, 23, 20, 'Booked', '2025-12-07', '2025-12-10', 2, 138.00),
(24, 24, 25, 'Booked', '2025-12-09', '2025-12-13', 3, 405.00),
(25, 25, 30, 'CheckedOut', '2025-11-29', '2025-12-03', 2, 270.00),
(26, 26, 35, 'Booked', '2025-12-02', '2025-12-05', 2, 118.00),
(27, 27, 40, 'Booked', '2025-12-06', '2025-12-09', 1, 140.00),
(28, 28, 45, 'CheckedIn', '2025-12-08', '2025-12-12', 3, 390.00),
(29, 29, 50, 'Booked', '2025-12-11', '2025-12-14', 2, 164.00),
(30, 30, 55, 'Booked', '2025-12-13', '2025-12-16', 2, 128.00),
(31, 31, 60, 'CheckedOut', '2025-11-30', '2025-12-03', 4, 672.00),
(32, 32, 65, 'Booked', '2025-12-01', '2025-12-04', 1, 68.00),
(33, 33, 70, 'Booked', '2025-12-05', '2025-12-08', 2, 138.00),
(34, 34, 75, 'CheckedIn', '2025-12-09', '2025-12-12', 3, 435.00),
(35, 35, 80, 'Booked', '2025-12-10', '2025-12-13', 2, 164.00),
(36, 36, 85, 'Booked', '2025-12-12', '2025-12-15', 1, 168.00),
(37, 37, 90, 'CheckedOut', '2025-11-28', '2025-12-01', 2, 342.00),
(38, 38, 95, 'Booked', '2025-12-04', '2025-12-06', 2, 140.00),
(39, 39, 100, 'Booked', '2025-12-08', '2025-12-11', 3, 285.00),
(40, 40, 5, 'Booked', '2025-12-10', '2025-12-12', 2, 104.00),
(41, 41, 10, 'Booked', '2025-12-03', '2025-12-06', 1, 106.00),
(42, 42, 15, 'CheckedIn', '2025-12-05', '2025-12-09', 2, 158.00),
(43, 43, 20, 'Booked', '2025-12-07', '2025-12-10', 2, 138.00),
(44, 44, 25, 'Booked', '2025-12-09', '2025-12-13', 3, 405.00),
(45, 45, 30, 'CheckedOut', '2025-11-29', '2025-12-03', 2, 270.00),
(46, 46, 35, 'Booked', '2025-12-02', '2025-12-05', 2, 118.00),
(47, 47, 40, 'Booked', '2025-12-06', '2025-12-09', 1, 140.00),
(48, 48, 45, 'CheckedIn', '2025-12-08', '2025-12-12', 3, 390.00),
(49, 49, 50, 'Booked', '2025-12-11', '2025-12-14', 2, 164.00),
(50, 50, 55, 'Booked', '2025-12-13', '2025-12-16', 2, 128.00),
(51, 51, 60, 'CheckedOut', '2025-12-01', '2025-12-04', 2, 118.00),
(52, 52, 65, 'Booked', '2025-12-03', '2025-12-06', 1, 68.00),
(53, 53, 70, 'Booked', '2025-12-05', '2025-12-08', 2, 138.00),
(54, 54, 75, 'CheckedIn', '2025-12-07', '2025-12-10', 3, 435.00),
(55, 55, 80, 'Booked', '2025-12-09', '2025-12-12', 2, 164.00),
(56, 56, 85, 'Booked', '2025-12-11', '2025-12-14', 1, 168.00),
(57, 57, 90, 'CheckedOut', '2025-12-01', '2025-12-04', 2, 342.00),
(58, 58, 95, 'Booked', '2025-12-02', '2025-12-05', 2, 140.00),
(59, 59, 100, 'Booked', '2025-12-04', '2025-12-07', 3, 285.00),
(60, 60, 5, 'Booked', '2025-12-06', '2025-12-09', 2, 104.00),
(61, 61, 10, 'Booked', '2025-12-08', '2025-12-11', 1, 106.00),
(62, 62, 15, 'CheckedIn', '2025-12-10', '2025-12-13', 2, 158.00),
(63, 63, 20, 'Booked', '2025-12-12', '2025-12-15', 2, 138.00),
(64, 64, 25, 'Booked', '2025-12-14', '2025-12-17', 3, 405.00),
(65, 65, 30, 'CheckedOut', '2025-12-01', '2025-12-04', 2, 270.00),
(66, 66, 35, 'Booked', '2025-12-03', '2025-12-06', 2, 118.00),
(67, 67, 40, 'Booked', '2025-12-05', '2025-12-08', 1, 140.00),
(68, 68, 45, 'CheckedIn', '2025-12-07', '2025-12-10', 3, 390.00),
(69, 69, 50, 'Booked', '2025-12-09', '2025-12-12', 2, 164.00),
(70, 70, 55, 'Booked', '2025-12-11', '2025-12-14', 2, 128.00),
(71, 71, 60, 'CheckedOut', '2025-12-02', '2025-12-05', 4, 672.00),
(72, 72, 65, 'Booked', '2025-12-04', '2025-12-07', 1, 68.00),
(73, 73, 70, 'Booked', '2025-12-06', '2025-12-09', 2, 138.00),
(74, 74, 75, 'CheckedIn', '2025-12-08', '2025-12-11', 3, 435.00),
(75, 75, 80, 'Booked', '2025-12-10', '2025-12-13', 2, 164.00),
(76, 76, 85, 'Booked', '2025-12-12', '2025-12-15', 1, 168.00),
(77, 77, 90, 'CheckedOut', '2025-12-01', '2025-12-04', 2, 342.00),
(78, 78, 95, 'Booked', '2025-12-03', '2025-12-06', 2, 140.00),
(79, 79, 100, 'Booked', '2025-12-05', '2025-12-08', 3, 285.00),
(80, 80, 5, 'Booked', '2025-12-07', '2025-12-10', 2, 104.00),
(81, 81, 10, 'Booked', '2025-12-09', '2025-12-12', 1, 106.00),
(82, 82, 15, 'CheckedIn', '2025-12-11', '2025-12-14', 2, 158.00),
(83, 83, 20, 'Booked', '2025-12-13', '2025-12-16', 2, 138.00),
(84, 84, 25, 'Booked', '2025-12-15', '2025-12-18', 3, 405.00),
(85, 85, 30, 'CheckedOut', '2025-12-02', '2025-12-05', 2, 270.00),
(86, 86, 35, 'Booked', '2025-12-04', '2025-12-07', 2, 118.00),
(87, 87, 40, 'Booked', '2025-12-06', '2025-12-09', 1, 140.00),
(88, 88, 45, 'CheckedIn', '2025-12-08', '2025-12-11', 3, 390.00),
(89, 89, 50, 'Booked', '2025-12-10', '2025-12-13', 2, 164.00),
(90, 90, 55, 'Booked', '2025-12-12', '2025-12-15', 2, 128.00),
(91, 91, 60, 'CheckedOut', '2025-12-03', '2025-12-06', 4, 672.00),
(92, 92, 65, 'Booked', '2025-12-05', '2025-12-08', 1, 68.00),
(93, 93, 70, 'Booked', '2025-12-07', '2025-12-10', 2, 138.00),
(94, 94, 75, 'CheckedIn', '2025-12-09', '2025-12-12', 3, 435.00),
(95, 95, 80, 'Booked', '2025-12-11', '2025-12-14', 2, 164.00),
(96, 96, 85, 'Booked', '2025-12-13', '2025-12-16', 1, 168.00),
(97, 97, 90, 'CheckedOut', '2025-12-01', '2025-12-04', 2, 342.00),
(98, 98, 95, 'Booked', '2025-12-03', '2025-12-06', 2, 140.00),
(99, 99, 100, 'Booked', '2025-12-05', '2025-12-08', 3, 285.00),
(100, 100, 5, 'Booked', '2025-12-07', '2025-12-10', 2, 104.00);

-- ==============================================================
-- ==============================================================
-- ==============================================================
-- zahow
CREATE TABLE EMPLOYEE(
  EMPLOYEE_ID INT PRIMARY KEY,
  FirstName VARCHAR(50),
  LastName VARCHAR(50),
  Email VARCHAR(100),
  PhoneNumber VARCHAR(30),
  Position VARCHAR(50),
  Street VARCHAR(50),
  City VARCHAR(50),
  Country VARCHAR(50)
);

INSERT INTO EMPLOYEE (EMPLOYEE_ID, FirstName, LastName, Email, PhoneNumber, Position, Street, City, Country) VALUES
(1, 'Ahmed', 'Hassan', 'ahmed.hassan@gmail.com', '+201001234567', 'Manager', '12 Nile St', 'Cairo', 'Egypt'),
(2, 'Mariam', 'Saeed', 'mariam.saeed@gmail.com', '+201002345678', 'Receptionist', '45 Tahrir Ave', 'Cairo', 'Egypt'),
(3, 'John', 'Smith', 'john.smith@mail.com', '+447700900123', 'Chef', '88 King Road', 'London', 'UK'),
(4, 'Sara', 'Ali', 'sara.ali@yahoo.com', '+201003456789', 'Housekeeping', '23 Green St', 'Alexandria', 'Egypt'),
(5, 'David', 'Brown', 'david.brown@outlook.com', '+12025550123', 'Security', '100 Sunset Blvd', 'Los Angeles', 'USA'),
(6, 'Lina', 'Khaled', 'lina.khaled@gmail.com', '+971501234567', 'Receptionist', '77 Palm St', 'Dubai', 'UAE'),
(7, 'Ahmed', 'Ibrahim', 'ahmed.ibrahim@mail.com', '+97430123456', 'Manager', '55 Corniche Rd', 'Doha', 'Qatar'),
(8, 'Emily', 'Jones', 'emily.jones@hotmail.com', '+14165550123', 'Chef', '17 Maple Way', 'Toronto', 'Canada'),
(9, 'Youssef', 'Magdy', 'youssef.magdy@gmail.com', '+201004567890', 'Housekeeping', '14 Lotus St', 'Giza', 'Egypt'),
(10, 'Hana', 'Youssef', 'hana.youssef@mail.com', '+201005678901', 'Receptionist', '29 Garden Rd', 'Cairo', 'Egypt'),
(11, 'Karim', 'Mahmoud', 'karim.mahmoud@gmail.com', '+201006789012', 'Chef', '101 Nile Corniche', 'Cairo', 'Egypt'),
(12, 'Nora', 'El-Sayed', 'nora.elsayed@gmail.com', '+201007890123', 'Housekeeping', '202 Palm Grove', 'Giza', 'Egypt'),
(13, 'Omar', 'Abdullah', 'omar.abdullah@mail.com', '+201008901234', 'Security', '78 Beach Rd', 'Alexandria', 'Egypt'),
(14, 'Leila', 'Farid', 'leila.farid@yahoo.com', '+201009012345', 'Receptionist', '33 Rose St', 'Alexandria', 'Egypt'),
(15, 'Ziad', 'Fathi', 'ziad.fathi@outlook.com', '+201010123456', 'Manager', '55 Sunset Blvd', 'Cairo', 'Egypt'),
(16, 'Dina', 'Rashad', 'dina.rashad@gmail.com', '+201011234567', 'Chef', '88 Cedar Ave', 'Giza', 'Egypt'),
(17, 'Tamer', 'Salem', 'tamer.salem@mail.com', '+201012345678', 'Housekeeping', '19 Olive Ln', 'Cairo', 'Egypt'),
(18, 'Mona', 'Naguib', 'mona.naguib@hotmail.com', '+201013456789', 'Receptionist', '47 Jasmine Rd', 'Alexandria', 'Egypt'),
(19, 'Omar', 'Mostafa', 'omar.mostafa@gmail.com', '+201014567890', 'Chef', '66 Palm St', 'Giza', 'Egypt'),
(20, 'Huda', 'Kamal', 'huda.kamal@mail.com', '+201015678901', 'Security', '123 Tahrir Sq', 'Cairo', 'Egypt'),
(21, 'Amr', 'Fahmy', 'amr.fahmy@gmail.com', '+201016789012', 'Receptionist', '10 Nile St', 'Cairo', 'Egypt'),
(22, 'Salma', 'Youssef', 'salma.youssef@mail.com', '+201017890123', 'Housekeeping', '11 Nile St', 'Cairo', 'Egypt'),
(23, 'Adham', 'Mostafa', 'adham.mostafa@gmail.com', '+201018901234', 'Chef', '12 Nile St', 'Cairo', 'Egypt'),
(24, 'Farah', 'Hassan', 'farah.hassan@mail.com', '+201019012345', 'Receptionist', '13 Nile St', 'Cairo', 'Egypt'),
(25, 'Khaled', 'Tamer', 'khaled.tamer@gmail.com', '+201020123456', 'Security', '14 Nile St', 'Cairo', 'Egypt'),
(26, 'Rania', 'Magdy', 'rania.magdy@mail.com', '+201021234567', 'Housekeeping', '15 Nile St', 'Cairo', 'Egypt'),
(27, 'Sami', 'Ali', 'sami.ali@gmail.com', '+201022345678', 'Chef', '16 Nile St', 'Cairo', 'Egypt'),
(28, 'Salma', 'Nabil', 'salma.nabil@mail.com', '+201023456789', 'Receptionist', '17 Nile St', 'Cairo', 'Egypt'),
(29, 'Omar', 'Fouad', 'omar.fouad@gmail.com', '+201024567890', 'Manager', '18 Nile St', 'Cairo', 'Egypt'),
(30, 'Nadia', 'Hussein', 'nadia.hussein@mail.com', '+201025678901', 'Chef', '19 Nile St', 'Cairo', 'Egypt'),
(31, 'Ali', 'Mahmoud', 'ali.mahmoud@gmail.com', '+201026789012', 'Housekeeping', '20 Nile St', 'Cairo', 'Egypt'),
(32, 'Laila', 'Samir', 'laila.samir@mail.com', '+201027890123', 'Receptionist', '21 Nile St', 'Cairo', 'Egypt'),
(33, 'Tamer', 'Khaled', 'tamer.khaled@gmail.com', '+201028901234', 'Security', '22 Nile St', 'Cairo', 'Egypt'),
(34, 'Mona', 'Fathi', 'mona.fathi@mail.com', '+201029012345', 'Chef', '23 Nile St', 'Cairo', 'Egypt'),
(35, 'Omar', 'Rashad', 'omar.rashad@gmail.com', '+201030123456', 'Receptionist', '24 Nile St', 'Cairo', 'Egypt'),
(36, 'Hana', 'Magdy', 'hana.magdy@mail.com', '+201031234567', 'Housekeeping', '25 Nile St', 'Cairo', 'Egypt'),
(37, 'Karim', 'Hassan', 'karim.hassan@gmail.com', '+201032345678', 'Manager', '26 Nile St', 'Cairo', 'Egypt'),
(38, 'Nora', 'Salem', 'nora.salem@mail.com', '+201033456789', 'Chef', '27 Nile St', 'Cairo', 'Egypt'),
(39, 'Youssef', 'Mahmoud', 'youssef.mahmoud@gmail.com', '+201034567890', 'Receptionist', '28 Nile St', 'Cairo', 'Egypt'),
(40, 'Dina', 'Ali', 'dina.ali@mail.com', '+201035678901', 'Security', '29 Nile St', 'Cairo', 'Egypt'),
(41, 'Tamer', 'Fathi', 'tamer.fathi@gmail.com', '+201036789012', 'Housekeeping', '30 Nile St', 'Cairo', 'Egypt'),
(42, 'Mona', 'Hussein', 'mona.hussein@mail.com', '+201037890123', 'Receptionist', '31 Nile St', 'Cairo', 'Egypt'),
(43, 'Omar', 'Nabil', 'omar.nabil@gmail.com', '+201038901234', 'Chef', '32 Nile St', 'Cairo', 'Egypt'),
(44, 'Huda', 'Salem', 'huda.salem@mail.com', '+201039012345', 'Manager', '33 Nile St', 'Cairo', 'Egypt'),
(45, 'Ali', 'Fathi', 'ali.fathi@gmail.com', '+201040123456', 'Security', '34 Nile St', 'Cairo', 'Egypt'),
(46, 'Leila', 'Mahmoud', 'leila.mahmoud@mail.com', '+201041234567', 'Receptionist', '35 Nile St', 'Cairo', 'Egypt'),
(47, 'Karim', 'Naguib', 'karim.naguib@gmail.com', '+201042345678', 'Chef', '36 Nile St', 'Cairo', 'Egypt'),
(48, 'Nadia', 'Ali', 'nadia.ali@mail.com', '+201043456789', 'Housekeeping', '37 Nile St', 'Cairo', 'Egypt'),
(49, 'Sami', 'Hassan', 'sami.hassan@gmail.com', '+201044567890', 'Receptionist', '38 Nile St', 'Cairo', 'Egypt'),
(50, 'Rania', 'Fouad', 'rania.fouad@mail.com', '+201045678901', 'Manager', '39 Nile St', 'Cairo', 'Egypt'),
(51, 'Amr', 'Magdy', 'amr.magdy@gmail.com', '+201046789012', 'Chef', '40 Nile St', 'Cairo', 'Egypt'),
(52, 'Salma', 'Rashad', 'salma.rashad@mail.com', '+201047890123', 'Receptionist', '41 Nile St', 'Cairo', 'Egypt'),
(53, 'Adham', 'Salem', 'adham.salem@gmail.com', '+201048901234', 'Housekeeping', '42 Nile St', 'Cairo', 'Egypt'),
(54, 'Farah', 'Mahmoud', 'farah.mahmoud@mail.com', '+201049012345', 'Chef', '43 Nile St', 'Cairo', 'Egypt'),
(55, 'Khaled', 'Hassan', 'khaled.hassan@gmail.com', '+201050123456', 'Security', '44 Nile St', 'Cairo', 'Egypt'),
(56, 'Rania', 'Ali', 'rania.ali@mail.com', '+201051234567', 'Receptionist', '45 Nile St', 'Cairo', 'Egypt'),
(57, 'Sami', 'Fathi', 'sami.fathi@gmail.com', '+201052345678', 'Chef', '46 Nile St', 'Cairo', 'Egypt'),
(58, 'Salma', 'Hussein', 'salma.hussein@mail.com', '+201053456789', 'Housekeeping', '47 Nile St', 'Cairo', 'Egypt'),
(59, 'Omar', 'Khaled', 'omar.khaled@gmail.com', '+201054567890', 'Receptionist', '48 Nile St', 'Cairo', 'Egypt'),
(60, 'Nadia', 'Fouad', 'nadia.fouad@mail.com', '+201055678901', 'Manager', '49 Nile St', 'Cairo', 'Egypt'),
(61, 'Ali', 'Nabil', 'ali.nabil@gmail.com', '+201056789012', 'Chef', '50 Nile St', 'Cairo', 'Egypt'),
(62, 'Leila', 'Rashad', 'leila.rashad@mail.com', '+201057890123', 'Receptionist', '51 Nile St', 'Cairo', 'Egypt'),
(63, 'Karim', 'Hussein', 'karim.hussein@gmail.com', '+201058901234', 'Housekeeping', '52 Nile St', 'Cairo', 'Egypt'),
(64, 'Nadia', 'Fathi', 'nadia.fathi@mail.com', '+201059012345', 'Chef', '53 Nile St', 'Cairo', 'Egypt'),
(65, 'Sami', 'Ali', 'sami.ali@gmail.com', '+201060123456', 'Receptionist', '54 Nile St', 'Cairo', 'Egypt'),
(66, 'Rania', 'Magdy', 'rania.magdy@mail.com', '+201061234567', 'Manager', '55 Nile St', 'Cairo', 'Egypt'),
(67, 'Amr', 'Hussein', 'amr.hussein@gmail.com', '+201062345678', 'Chef', '56 Nile St', 'Cairo', 'Egypt'),
(68, 'Salma', 'Fathi', 'salma.fathi@mail.com', '+201063456789', 'Receptionist', '57 Nile St', 'Cairo', 'Egypt'),
(69, 'Adham', 'Ali', 'adham.ali@gmail.com', '+201064567890', 'Housekeeping', '58 Nile St', 'Cairo', 'Egypt'),
(70, 'Farah', 'Rashad', 'farah.rashad@mail.com', '+201065678901', 'Chef', '59 Nile St', 'Cairo', 'Egypt'),
(71, 'Khaled', 'Mahmoud', 'khaled.mahmoud@gmail.com', '+201066789012', 'Security', '60 Nile St', 'Cairo', 'Egypt'),
(72, 'Rania', 'Hassan', 'rania.hassan@mail.com', '+201067890123', 'Receptionist', '61 Nile St', 'Cairo', 'Egypt'),
(73, 'Sami', 'Naguib', 'sami.naguib@gmail.com', '+201068901234', 'Chef', '62 Nile St', 'Cairo', 'Egypt'),
(74, 'Salma', 'Khaled', 'salma.khaled@mail.com', '+201069012345', 'Housekeeping', '63 Nile St', 'Cairo', 'Egypt'),
(75, 'Omar', 'Fathi', 'omar.fathi@gmail.com', '+201070123456', 'Receptionist', '64 Nile St', 'Cairo', 'Egypt'),
(76, 'Nadia', 'Mahmoud', 'nadia.mahmoud@mail.com', '+201071234567', 'Manager', '65 Nile St', 'Cairo', 'Egypt'),
(77, 'Ali', 'Hussein', 'ali.hussein@gmail.com', '+201072345678', 'Chef', '66 Nile St', 'Cairo', 'Egypt'),
(78, 'Leila', 'Fathi', 'leila.fathi@mail.com', '+201073456789', 'Receptionist', '67 Nile St', 'Cairo', 'Egypt'),
(79, 'Karim', 'Ali', 'karim.ali@gmail.com', '+201074567890', 'Housekeeping', '68 Nile St', 'Cairo', 'Egypt'),
(80, 'Nadia', 'Rashad', 'nadia.rashad@mail.com', '+201075678901', 'Chef', '69 Nile St', 'Cairo', 'Egypt'),
(81, 'Sami', 'Mahmoud', 'sami.mahmoud@gmail.com', '+201076789012', 'Receptionist', '70 Nile St', 'Cairo', 'Egypt'),
(82, 'Rania', 'Hussein', 'rania.hussein@mail.com', '+201077890123', 'Manager', '71 Nile St', 'Cairo', 'Egypt'),
(83, 'Amr', 'Fathi', 'amr.fathi@gmail.com', '+201078901234', 'Chef', '72 Nile St', 'Cairo', 'Egypt'),
(84, 'Salma', 'Ali', 'salma.ali@mail.com', '+201079012345', 'Receptionist', '73 Nile St', 'Cairo', 'Egypt'),
(85, 'Adham', 'Mahmoud', 'adham.mahmoud@gmail.com', '+201080123456', 'Housekeeping', '74 Nile St', 'Cairo', 'Egypt'),
(86, 'Farah', 'Hussein', 'farah.hussein@mail.com', '+201081234567', 'Chef', '75 Nile St', 'Cairo', 'Egypt'),
(87, 'Khaled', 'Fathi', 'khaled.fathi@gmail.com', '+201082345678', 'Security', '76 Nile St', 'Cairo', 'Egypt'),
(88, 'Rania', 'Ali', 'rania.ali@mail.com', '+201083456789', 'Receptionist', '77 Nile St', 'Cairo', 'Egypt'),
(89, 'Sami', 'Mahmoud', 'sami.mahmoud@gmail.com', '+201084567890', 'Chef', '78 Nile St', 'Cairo', 'Egypt'),
(90, 'Salma', 'Hussein', 'salma.hussein@mail.com', '+201085678901', 'Housekeeping', '79 Nile St', 'Cairo', 'Egypt'),
(91, 'Omar', 'Mahmoud', 'omar.mahmoud@gmail.com', '+201086789012', 'Receptionist', '80 Nile St', 'Cairo', 'Egypt'),
(92, 'Nadia', 'Ali', 'nadia.ali@mail.com', '+201087890123', 'Manager', '81 Nile St', 'Cairo', 'Egypt'),
(93, 'Ali', 'Hussein', 'ali.hussein@gmail.com', '+201088901234', 'Chef', '82 Nile St', 'Cairo', 'Egypt'),
(94, 'Leila', 'Mahmoud', 'leila.mahmoud@mail.com', '+201089012345', 'Receptionist', '83 Nile St', 'Cairo', 'Egypt'),
(95, 'Karim', 'Fathi', 'karim.fathi@gmail.com', '+201090123456', 'Housekeeping', '84 Nile St', 'Cairo', 'Egypt'),
(96, 'Nadia', 'Hussein', 'nadia.hussein@mail.com', '+201091234567', 'Chef', '85 Nile St', 'Cairo', 'Egypt'),
(97, 'Sami', 'Ali', 'sami.ali@gmail.com', '+201092345678', 'Receptionist', '86 Nile St', 'Cairo', 'Egypt'),
(98, 'Rania', 'Mahmoud', 'rania.mahmoud@mail.com', '+201093456789', 'Manager', '87 Nile St', 'Cairo', 'Egypt'),
(99, 'Amr', 'Hussein', 'amr.hussein@gmail.com', '+201094567890', 'Chef', '88 Nile St', 'Cairo', 'Egypt'),
(100, 'Salma', 'Fathi', 'salma.fathi@mail.com', '+201095678901', 'Receptionist', '89 Nile St', 'Cairo', 'Egypt');

CREATE TABLE STAY(
  StayID INT PRIMARY KEY,
  ReservationID INT NOT NULL UNIQUE,
  ActualCheckIn DATE,
  ActualCheckOut DATE,
  ExtraCharges DECIMAL(10,2),
  Notes VARCHAR(200),
  FOREIGN KEY (ReservationID) REFERENCES RESERVATION(RESERVATION_ID) ON DELETE CASCADE
);


INSERT INTO STAY (StayID, ReservationID, ActualCheckIn, ActualCheckOut, ExtraCharges, Notes) VALUES
(1, 1, '2025-12-01', '2025-12-04', 0.00, 'No issues'),
(2, 2, '2025-12-03', '2025-12-06', 15.00, 'Late checkout'),
(3, 3, '2025-12-05', '2025-12-08', 0.00, 'Extra towels requested'),
(4, 4, '2025-12-07', '2025-12-10', 25.50, 'Mini-bar charges'),
(5, 5, '2025-12-09', '2025-12-12', 0.00, 'No issues'),
(6, 6, '2025-12-11', '2025-12-14', 10.00, 'Room service charge'),
(7, 7, '2025-12-01', '2025-12-04', 0.00, 'No issues'),
(8, 8, '2025-12-02', '2025-12-05', 5.00, 'Late checkout'),
(9, 9, '2025-12-04', '2025-12-07', 0.00, 'Extra pillows requested'),
(10, 10, '2025-12-06', '2025-12-09', 30.00, 'Restaurant charges'),
(11, 11, '2025-12-01', '2025-12-04', 0.00, 'No issues'),
(12, 12, '2025-12-03', '2025-12-06', 12.00, 'Late checkout fee'),
(13, 13, '2025-12-05', '2025-12-08', 0.00, 'No issues'),
(14, 14, '2025-12-07', '2025-12-10', 20.00, 'Mini-bar used'),
(15, 15, '2025-12-09', '2025-12-12', 0.00, 'No issues'),
(16, 16, '2025-12-11', '2025-12-14', 18.00, 'Extra cleaning charge'),
(17, 17, '2025-12-01', '2025-12-04', 0.00, 'No issues'),
(18, 18, '2025-12-02', '2025-12-05', 7.50, 'Late checkout'),
(19, 19, '2025-12-04', '2025-12-07', 0.00, 'No issues'),
(20, 20, '2025-12-06', '2025-12-09', 22.00, 'Room service charges'),
(21, 21, '2025-12-01', '2025-12-04', 0.00, 'No issues'),
(22, 22, '2025-12-03', '2025-12-06', 14.00, 'Extra towels'),
(23, 23, '2025-12-05', '2025-12-08', 0.00, 'No issues'),
(24, 24, '2025-12-07', '2025-12-10', 25.00, 'Mini-bar used'),
(25, 25, '2025-12-09', '2025-12-12', 0.00, 'No issues'),
(26, 26, '2025-12-11', '2025-12-14', 10.00, 'Late checkout'),
(27, 27, '2025-12-01', '2025-12-04', 0.00, 'No issues'),
(28, 28, '2025-12-02', '2025-12-05', 5.00, 'Extra pillows'),
(29, 29, '2025-12-04', '2025-12-07', 0.00, 'No issues'),
(30, 30, '2025-12-06', '2025-12-09', 20.00, 'Room service'),
(31, 31, '2025-12-01', '2025-12-04', 0.00, 'No issues'),
(32, 32, '2025-12-03', '2025-12-06', 12.50, 'Late checkout'),
(33, 33, '2025-12-05', '2025-12-08', 0.00, 'No issues'),
(34, 34, '2025-12-07', '2025-12-10', 30.00, 'Mini-bar charges'),
(35, 35, '2025-12-09', '2025-12-12', 0.00, 'No issues'),
(36, 36, '2025-12-11', '2025-12-14', 15.00, 'Extra cleaning'),
(37, 37, '2025-12-01', '2025-12-04', 0.00, 'No issues'),
(38, 38, '2025-12-02', '2025-12-05', 8.00, 'Late checkout'),
(39, 39, '2025-12-04', '2025-12-07', 0.00, 'No issues'),
(40, 40, '2025-12-06', '2025-12-09', 18.00, 'Room service'),
(41, 41, '2025-12-01', '2025-12-04', 0.00, 'No issues'),
(42, 42, '2025-12-03', '2025-12-06', 12.00, 'Extra towels'),
(43, 43, '2025-12-05', '2025-12-08', 0.00, 'No issues'),
(44, 44, '2025-12-07', '2025-12-10', 20.00, 'Mini-bar'),
(45, 45, '2025-12-09', '2025-12-12', 0.00, 'No issues'),
(46, 46, '2025-12-11', '2025-12-14', 10.00, 'Late checkout'),
(47, 47, '2025-12-01', '2025-12-04', 0.00, 'No issues'),
(48, 48, '2025-12-02', '2025-12-05', 7.00, 'Extra pillows'),
(49, 49, '2025-12-04', '2025-12-07', 0.00, 'No issues'),
(50, 50, '2025-12-06', '2025-12-09', 25.00, 'Room service'),
(51, 51, '2025-12-01', '2025-12-04', 0.00, 'No issues'),
(52, 52, '2025-12-03', '2025-12-06', 10.00, 'Late checkout'),
(53, 53, '2025-12-05', '2025-12-08', 0.00, 'No issues'),
(54, 54, '2025-12-07', '2025-12-10', 20.00, 'Mini-bar used'),
(55, 55, '2025-12-09', '2025-12-12', 0.00, 'No issues'),
(56, 56, '2025-12-11', '2025-12-14', 12.00, 'Extra cleaning'),
(57, 57, '2025-12-01', '2025-12-04', 0.00, 'No issues'),
(58, 58, '2025-12-02', '2025-12-05', 5.50, 'Late checkout'),
(59, 59, '2025-12-04', '2025-12-07', 0.00, 'No issues'),
(60, 60, '2025-12-06', '2025-12-09', 18.00, 'Room service'),
(61, 61, '2025-12-01', '2025-12-04', 0.00, 'No issues'),
(62, 62, '2025-12-03', '2025-12-06', 14.00, 'Extra towels'),
(63, 63, '2025-12-05', '2025-12-08', 0.00, 'No issues'),
(64, 64, '2025-12-07', '2025-12-10', 22.00, 'Mini-bar charges'),
(65, 65, '2025-12-09', '2025-12-12', 0.00, 'No issues'),
(66, 66, '2025-12-11', '2025-12-14', 15.00, 'Late checkout'),
(67, 67, '2025-12-01', '2025-12-04', 0.00, 'No issues'),
(68, 68, '2025-12-02', '2025-12-05', 8.00, 'Extra pillows'),
(69, 69, '2025-12-04', '2025-12-07', 0.00, 'No issues'),
(70, 70, '2025-12-06', '2025-12-09', 20.00, 'Room service'),
(71, 71, '2025-12-01', '2025-12-04', 0.00, 'No issues'),
(72, 72, '2025-12-03', '2025-12-06', 10.00, 'Extra towels'),
(73, 73, '2025-12-05', '2025-12-08', 0.00, 'No issues'),
(74, 74, '2025-12-07', '2025-12-10', 25.00, 'Mini-bar charges'),
(75, 75, '2025-12-09', '2025-12-12', 0.00, 'No issues'),
(76, 76, '2025-12-11', '2025-12-14', 12.00, 'Late checkout'),
(77, 77, '2025-12-01', '2025-12-04', 0.00, 'No issues'),
(78, 78, '2025-12-02', '2025-12-05', 8.00, 'Extra pillows'),
(79, 79, '2025-12-04', '2025-12-07', 0.00, 'No issues'),
(80, 80, '2025-12-06', '2025-12-09', 22.00, 'Room service'),
(81, 81, '2025-12-01', '2025-12-04', 0.00, 'No issues'),
(82, 82, '2025-12-03', '2025-12-06', 15.00, 'Extra towels'),
(83, 83, '2025-12-05', '2025-12-08', 0.00, 'No issues'),
(84, 84, '2025-12-07', '2025-12-10', 20.00, 'Mini-bar charges'),
(85, 85, '2025-12-09', '2025-12-12', 0.00, 'No issues'),
(86, 86, '2025-12-11', '2025-12-14', 18.00, 'Late checkout'),
(87, 87, '2025-12-01', '2025-12-04', 0.00, 'No issues'),
(88, 88, '2025-12-02', '2025-12-05', 10.00, 'Extra pillows'),
(89, 89, '2025-12-04', '2025-12-07', 0.00, 'No issues'),
(90, 90, '2025-12-06', '2025-12-09', 25.00, 'Room service'),
(91, 91, '2025-12-01', '2025-12-04', 0.00, 'No issues'),
(92, 92, '2025-12-03', '2025-12-06', 15.00, 'Late checkout'),
(93, 93, '2025-12-05', '2025-12-08', 0.00, 'No issues'),
(94, 94, '2025-12-07', '2025-12-10', 22.00, 'Mini-bar charges'),
(95, 95, '2025-12-09', '2025-12-12', 0.00, 'No issues'),
(96, 96, '2025-12-11', '2025-12-14', 18.00, 'Extra cleaning'),
(97, 97, '2025-12-01', '2025-12-04', 0.00, 'No issues'),
(98, 98, '2025-12-02', '2025-12-05', 12.00, 'Late checkout'),
(99, 99, '2025-12-04', '2025-12-07', 0.00, 'No issues'),
(100, 100, '2025-12-06', '2025-12-09', 20.00, 'Room service');

CREATE TABLE PAYMENT(
  PaymentID INT PRIMARY KEY,
  ReservationID INT NOT NULL,
  PaymentDate DATE,
  PaymentAmount DECIMAL(10,2),
  PaymentMethod VARCHAR(20) CHECK (PaymentMethod IN ('Cash','Card','Online')),
  Status VARCHAR(20) CHECK (Status IN ('Paid','Pending','Failed')),
  FOREIGN KEY (ReservationID) REFERENCES RESERVATION(RESERVATION_ID) ON DELETE CASCADE
);

INSERT INTO PAYMENT (PaymentID, ReservationID, PaymentDate, PaymentAmount, PaymentMethod, Status) VALUES
(1, 1, '2025-11-25', 450.00, 'Card', 'Paid'),
(2, 2, '2025-11-27', 300.00, 'Cash', 'Paid'),
(3, 3, '2025-11-28', 500.00, 'Online', 'Pending'),
(4, 4, '2025-11-29', 600.00, 'Card', 'Paid'),
(5, 5, '2025-12-01', 750.00, 'Cash', 'Paid'),
(6, 6, '2025-12-02', 350.00, 'Online', 'Failed'),
(7, 7, '2025-12-03', 400.00, 'Card', 'Paid'),
(8, 8, '2025-12-04', 320.00, 'Cash', 'Paid'),
(9, 9, '2025-12-05', 550.00, 'Online', 'Paid'),
(10, 10, '2025-12-06', 620.00, 'Card', 'Pending'),
(11, 11, '2025-12-01', 450.00, 'Card', 'Paid'),
(12, 12, '2025-12-02', 300.00, 'Cash', 'Paid'),
(13, 13, '2025-12-03', 500.00, 'Online', 'Paid'),
(14, 14, '2025-12-04', 600.00, 'Card', 'Paid'),
(15, 15, '2025-12-05', 750.00, 'Cash', 'Pending'),
(16, 16, '2025-12-06', 350.00, 'Online', 'Paid'),
(17, 17, '2025-12-01', 400.00, 'Card', 'Paid'),
(18, 18, '2025-12-02', 320.00, 'Cash', 'Paid'),
(19, 19, '2025-12-03', 550.00, 'Online', 'Failed'),
(20, 20, '2025-12-04', 620.00, 'Card', 'Paid'),
(21, 21, '2025-12-01', 480.00, 'Cash', 'Paid'),
(22, 22, '2025-12-02', 310.00, 'Online', 'Paid'),
(23, 23, '2025-12-03', 530.00, 'Card', 'Pending'),
(24, 24, '2025-12-04', 610.00, 'Cash', 'Paid'),
(25, 25, '2025-12-05', 740.00, 'Online', 'Paid'),
(26, 26, '2025-12-06', 360.00, 'Card', 'Paid'),
(27, 27, '2025-12-01', 420.00, 'Cash', 'Pending'),
(28, 28, '2025-12-02', 330.00, 'Online', 'Paid'),
(29, 29, '2025-12-03', 560.00, 'Card', 'Paid'),
(30, 30, '2025-12-04', 630.00, 'Cash', 'Paid'),
(31, 31, '2025-12-05', 470.00, 'Online', 'Paid'),
(32, 32, '2025-12-06', 300.00, 'Card', 'Failed'),
(33, 33, '2025-12-01', 510.00, 'Cash', 'Paid'),
(34, 34, '2025-12-02', 620.00, 'Online', 'Paid'),
(35, 35, '2025-12-03', 710.00, 'Card', 'Paid'),
(36, 36, '2025-12-04', 380.00, 'Cash', 'Pending'),
(37, 37, '2025-12-05', 420.00, 'Online', 'Paid'),
(38, 38, '2025-12-06', 310.00, 'Card', 'Paid'),
(39, 39, '2025-12-01', 560.00, 'Cash', 'Paid'),
(40, 40, '2025-12-02', 630.00, 'Online', 'Failed'),
(41, 41, '2025-12-03', 480.00, 'Card', 'Paid'),
(42, 42, '2025-12-04', 310.00, 'Cash', 'Paid'),
(43, 43, '2025-12-05', 520.00, 'Online', 'Pending'),
(44, 44, '2025-12-06', 610.00, 'Card', 'Paid'),
(45, 45, '2025-12-01', 740.00, 'Cash', 'Paid'),
(46, 46, '2025-12-02', 350.00, 'Online', 'Paid'),
(47, 47, '2025-12-03', 430.00, 'Card', 'Pending'),
(48, 48, '2025-12-04', 320.00, 'Cash', 'Paid'),
(49, 49, '2025-12-05', 570.00, 'Online', 'Paid'),
(50, 50, '2025-12-06', 630.00, 'Card', 'Paid'),
(51, 51, '2025-12-01', 450.00, 'Cash', 'Paid'),
(52, 52, '2025-12-02', 300.00, 'Online', 'Paid'),
(53, 53, '2025-12-03', 500.00, 'Card', 'Pending'),
(54, 54, '2025-12-04', 600.00, 'Cash', 'Paid'),
(55, 55, '2025-12-05', 750.00, 'Online', 'Paid'),
(56, 56, '2025-12-06', 350.00, 'Card', 'Paid'),
(57, 57, '2025-12-01', 400.00, 'Cash', 'Paid'),
(58, 58, '2025-12-02', 320.00, 'Online', 'Paid'),
(59, 59, '2025-12-03', 550.00, 'Card', 'Paid'),
(60, 60, '2025-12-04', 620.00, 'Cash', 'Paid'),
(61, 61, '2025-12-01', 480.00, 'Online', 'Paid'),
(62, 62, '2025-12-02', 310.00, 'Card', 'Pending'),
(63, 63, '2025-12-03', 530.00, 'Cash', 'Paid'),
(64, 64, '2025-12-04', 610.00, 'Online', 'Paid'),
(65, 65, '2025-12-05', 740.00, 'Card', 'Paid'),
(66, 66, '2025-12-06', 360.00, 'Cash', 'Paid'),
(67, 67, '2025-12-01', 420.00, 'Online', 'Pending'),
(68, 68, '2025-12-02', 330.00, 'Card', 'Paid'),
(69, 69, '2025-12-03', 560.00, 'Cash', 'Paid'),
(70, 70, '2025-12-04', 630.00, 'Online', 'Paid'),
(71, 71, '2025-12-05', 470.00, 'Card', 'Paid'),
(72, 72, '2025-12-06', 300.00, 'Cash', 'Paid'),
(73, 73, '2025-12-01', 510.00, 'Online', 'Paid'),
(74, 74, '2025-12-02', 620.00, 'Card', 'Paid'),
(75, 75, '2025-12-03', 710.00, 'Cash', 'Paid'),
(76, 76, '2025-12-04', 380.00, 'Online', 'Paid'),
(77, 77, '2025-12-05', 420.00, 'Card', 'Paid'),
(78, 78, '2025-12-06', 310.00, 'Cash', 'Paid'),
(79, 79, '2025-12-01', 560.00, 'Online', 'Paid'),
(80, 80, '2025-12-02', 630.00, 'Card', 'Paid'),
(81, 81, '2025-12-03', 480.00, 'Cash', 'Paid'),
(82, 82, '2025-12-04', 310.00, 'Online', 'Paid'),
(83, 83, '2025-12-05', 520.00, 'Card', 'Paid'),
(84, 84, '2025-12-06', 610.00, 'Cash', 'Paid'),
(85, 85, '2025-12-01', 740.00, 'Online', 'Paid'),
(86, 86, '2025-12-02', 350.00, 'Card', 'Paid'),
(87, 87, '2025-12-03', 430.00, 'Cash', 'Paid'),
(88, 88, '2025-12-04', 320.00, 'Online', 'Paid'),
(89, 89, '2025-12-05', 570.00, 'Card', 'Paid'),
(90, 90, '2025-12-06', 630.00, 'Cash', 'Paid'),
(91, 91, '2025-12-01', 450.00, 'Online', 'Paid'),
(92, 92, '2025-12-02', 300.00, 'Card', 'Paid'),
(93, 93, '2025-12-03', 500.00, 'Cash', 'Paid'),
(94, 94, '2025-12-04', 600.00, 'Online', 'Paid'),
(95, 95, '2025-12-05', 750.00, 'Card', 'Paid'),
(96, 96, '2025-12-06', 350.00, 'Cash', 'Paid'),
(97, 97, '2025-12-01', 400.00, 'Online', 'Paid'),
(98, 98, '2025-12-02', 320.00, 'Card', 'Paid'),
(99, 99, '2025-12-03', 550.00, 'Cash', 'Paid'),
(100, 100, '2025-12-04', 620.00, 'Online', 'Paid');

-- =================================
-- ==================================
-- ==================================

-- reham
CREATE TABLE Service(
  Service_ID INT PRIMARY KEY,
  ServiceName VARCHAR(50),
  ServiceType VARCHAR(50),
  Price DECIMAL(10,2)
);

INSERT INTO Service (Service_ID, ServiceName, ServiceType, Price) VALUES
(1, 'Room Cleaning', 'Housekeeping', 50.00),
(2, 'Laundry', 'Housekeeping', 30.00),
(3, 'Spa', 'Wellness', 120.00),
(4, 'Breakfast', 'Food', 25.00),
(5, 'Lunch', 'Food', 40.00),
(6, 'Dinner', 'Food', 50.00),
(7, 'Airport Pickup', 'Transport', 80.00),
(8, 'Airport Dropoff', 'Transport', 80.00),
(9, 'Gym Access', 'Wellness', 20.00),
(10, 'Massage', 'Wellness', 100.00),
(11, 'Mini Bar', 'Food', 35.00),
(12, 'Room Upgrade', 'Accommodation', 200.00),
(13, 'Pool Access', 'Wellness', 15.00),
(14, 'Guided Tour', 'Tour', 150.00),
(15, 'Car Rental', 'Transport', 100.00),
(16, 'VIP Check-in', 'Accommodation', 50.00),
(17, 'Breakfast Buffet', 'Food', 30.00),
(18, 'Laundry Express', 'Housekeeping', 45.00),
(19, 'Spa Package', 'Wellness', 200.00),
(20, 'Airport Shuttle', 'Transport', 70.00),
(21, 'Room Cleaning Deluxe', 'Housekeeping', 60.00),
(22, 'Laundry Deluxe', 'Housekeeping', 40.00),
(23, 'Breakfast Special', 'Food', 35.00),
(24, 'Lunch Special', 'Food', 50.00),
(25, 'Dinner Special', 'Food', 60.00),
(26, 'Massage Deluxe', 'Wellness', 150.00),
(27, 'Gym Personal Trainer', 'Wellness', 50.00),
(28, 'Pool Access VIP', 'Wellness', 25.00),
(29, 'Mini Bar Deluxe', 'Food', 50.00),
(30, 'Room Upgrade Suite', 'Accommodation', 300.00),
(31, 'Guided City Tour', 'Tour', 160.00),
(32, 'Car Rental Luxury', 'Transport', 200.00),
(33, 'VIP Check-in Deluxe', 'Accommodation', 70.00),
(34, 'Breakfast Deluxe', 'Food', 40.00),
(35, 'Laundry Express Deluxe', 'Housekeeping', 55.00),
(36, 'Spa VIP', 'Wellness', 250.00),
(37, 'Airport Shuttle VIP', 'Transport', 90.00),
(38, 'Room Cleaning Express', 'Housekeeping', 55.00),
(39, 'Lunch Buffet', 'Food', 45.00),
(40, 'Dinner Buffet', 'Food', 65.00),
(41, 'Massage VIP', 'Wellness', 200.00),
(42, 'Gym Access VIP', 'Wellness', 30.00),
(43, 'Pool VIP', 'Wellness', 35.00),
(44, 'Mini Bar VIP', 'Food', 60.00),
(45, 'Room Upgrade Presidential', 'Accommodation', 500.00),
(46, 'Guided Luxury Tour', 'Tour', 300.00),
(47, 'Car Rental VIP', 'Transport', 250.00),
(48, 'VIP Breakfast Buffet', 'Food', 50.00),
(49, 'Laundry VIP', 'Housekeeping', 60.00),
(50, 'Spa Ultimate', 'Wellness', 300.00),
(51, 'Airport Pickup VIP', 'Transport', 120.00),
(52, 'Airport Dropoff VIP', 'Transport', 120.00),
(53, 'Room Cleaning Ultimate', 'Housekeeping', 80.00),
(54, 'Lunch VIP', 'Food', 55.00),
(55, 'Dinner VIP', 'Food', 70.00),
(56, 'Massage Ultimate', 'Wellness', 350.00),
(57, 'Gym VIP', 'Wellness', 40.00),
(58, 'Pool Ultimate', 'Wellness', 50.00),
(59, 'Mini Bar Ultimate', 'Food', 70.00),
(60, 'Room Upgrade Diamond', 'Accommodation', 600.00),
(61, 'Guided VIP Tour', 'Tour', 400.00),
(62, 'Car Rental Ultimate', 'Transport', 300.00),
(63, 'VIP Check-in Ultimate', 'Accommodation', 100.00),
(64, 'Breakfast Ultimate', 'Food', 60.00),
(65, 'Laundry Ultimate', 'Housekeeping', 80.00),
(66, 'Spa Diamond', 'Wellness', 400.00),
(67, 'Airport Shuttle Ultimate', 'Transport', 150.00),
(68, 'Room Cleaning Diamond', 'Housekeeping', 100.00),
(69, 'Lunch Ultimate', 'Food', 65.00),
(70, 'Dinner Ultimate', 'Food', 80.00),
(71, 'Massage Diamond', 'Wellness', 450.00),
(72, 'Gym Diamond', 'Wellness', 50.00),
(73, 'Pool Diamond', 'Wellness', 60.00),
(74, 'Mini Bar Diamond', 'Food', 80.00),
(75, 'Room Upgrade Royal', 'Accommodation', 800.00),
(76, 'Guided Royal Tour', 'Tour', 500.00),
(77, 'Car Rental Diamond', 'Transport', 400.00),
(78, 'VIP Breakfast Royal', 'Food', 70.00),
(79, 'Laundry Diamond', 'Housekeeping', 100.00),
(80, 'Spa Royal', 'Wellness', 500.00),
(81, 'Airport Pickup Diamond', 'Transport', 200.00),
(82, 'Airport Dropoff Diamond', 'Transport', 200.00),
(83, 'Room Cleaning Royal', 'Housekeeping', 120.00),
(84, 'Lunch Diamond', 'Food', 75.00),
(85, 'Dinner Diamond', 'Food', 90.00),
(86, 'Massage Royal', 'Wellness', 550.00),
(87, 'Gym Royal', 'Wellness', 60.00),
(88, 'Pool Royal', 'Wellness', 70.00),
(89, 'Mini Bar Royal', 'Food', 90.00),
(90, 'Room Upgrade Elite', 'Accommodation', 1000.00),
(91, 'Guided Elite Tour', 'Tour', 600.00),
(92, 'Car Rental Royal', 'Transport', 500.00),
(93, 'VIP Breakfast Elite', 'Food', 80.00),
(94, 'Laundry Royal', 'Housekeeping', 120.00),
(95, 'Spa Elite', 'Wellness', 600.00),
(96, 'Airport Shuttle Royal', 'Transport', 250.00),
(97, 'Room Cleaning Elite', 'Housekeeping', 150.00),
(98, 'Lunch Royal', 'Food', 85.00),
(99, 'Dinner Royal', 'Food', 100.00),
(100, 'Massage Elite', 'Wellness', 700.00);

CREATE TABLE ServiceRecords(
  Record_ID INT PRIMARY KEY,
  RESERVATION_ID INT NOT NULL,
  Service_ID INT NOT NULL,
  ServiceDate DATE,
  ProvidedBy INT,
  Status VARCHAR(20) CHECK (Status IN ('Pending','Completed')),
  FOREIGN KEY (RESERVATION_ID) REFERENCES RESERVATION(RESERVATION_ID) ON DELETE CASCADE,
  FOREIGN KEY (Service_ID) REFERENCES Service(Service_ID) ON DELETE CASCADE,
  FOREIGN KEY (ProvidedBy) REFERENCES EMPLOYEE(EMPLOYEE_ID) ON DELETE SET NULL
);

INSERT INTO ServiceRecords (Record_ID, RESERVATION_ID, Service_ID, ServiceDate, ProvidedBy, Status) VALUES
(1, 1, 1, '2025-12-01', 1, 'Completed'),
(2, 2, 2, '2025-12-02', 2, 'Completed'),
(3, 3, 3, '2025-12-03', 3, 'Pending'),
(4, 4, 4, '2025-12-04', 4, 'Completed'),
(5, 5, 5, '2025-12-05', 5, 'Completed'),
(6, 6, 6, '2025-12-06', 6, 'Pending'),
(7, 7, 7, '2025-12-07', 7, 'Completed'),
(8, 8, 8, '2025-12-08', 8, 'Completed'),
(9, 9, 9, '2025-12-09', 9, 'Completed'),
(10, 10, 10, '2025-12-10', 10, 'Pending'),
(11, 11, 11, '2025-12-11', 11, 'Completed'),
(12, 12, 12, '2025-12-12', 12, 'Completed'),
(13, 13, 13, '2025-12-13', 13, 'Pending'),
(14, 14, 14, '2025-12-14', 14, 'Completed'),
(15, 15, 15, '2025-12-15', 15, 'Completed'),
(16, 16, 16, '2025-12-16', 16, 'Pending'),
(17, 17, 17, '2025-12-17', 17, 'Completed'),
(18, 18, 18, '2025-12-18', 18, 'Completed'),
(19, 19, 19, '2025-12-19', 19, 'Pending'),
(20, 20, 20, '2025-12-20', 20, 'Completed'),
(21, 1, 21, '2025-12-21', 1, 'Completed'),
(22, 2, 22, '2025-12-22', 2, 'Completed'),
(23, 3, 23, '2025-12-23', 3, 'Pending'),
(24, 4, 24, '2025-12-24', 4, 'Completed'),
(25, 5, 25, '2025-12-25', 5, 'Completed'),
(26, 6, 26, '2025-12-26', 6, 'Pending'),
(27, 7, 27, '2025-12-27', 7, 'Completed'),
(28, 8, 28, '2025-12-28', 8, 'Completed'),
(29, 9, 29, '2025-12-29', 9, 'Pending'),
(30, 10, 30, '2025-12-30', 10, 'Completed'),
(31, 11, 31, '2025-12-01', 11, 'Completed'),
(32, 12, 32, '2025-12-02', 12, 'Completed'),
(33, 13, 33, '2025-12-03', 13, 'Pending'),
(34, 14, 34, '2025-12-04', 14, 'Completed'),
(35, 15, 35, '2025-12-05', 15, 'Completed'),
(36, 16, 36, '2025-12-06', 16, 'Pending'),
(37, 17, 37, '2025-12-07', 17, 'Completed'),
(38, 18, 38, '2025-12-08', 18, 'Completed'),
(39, 19, 39, '2025-12-09', 19, 'Pending'),
(40, 20, 40, '2025-12-10', 20, 'Completed'),
(41, 1, 41, '2025-12-11', 1, 'Completed'),
(42, 2, 42, '2025-12-12', 2, 'Completed'),
(43, 3, 43, '2025-12-13', 3, 'Pending'),
(44, 4, 44, '2025-12-14', 4, 'Completed'),
(45, 5, 45, '2025-12-15', 5, 'Completed'),
(46, 6, 46, '2025-12-16', 6, 'Pending'),
(47, 7, 47, '2025-12-17', 7, 'Completed'),
(48, 8, 48, '2025-12-18', 8, 'Completed'),
(49, 9, 49, '2025-12-19', 9, 'Pending'),
(50, 10, 50, '2025-12-20', 10, 'Completed'),
(51, 11, 51, '2025-12-21', 11, 'Completed'),
(52, 12, 52, '2025-12-22', 12, 'Completed'),
(53, 13, 53, '2025-12-23', 13, 'Pending'),
(54, 14, 54, '2025-12-24', 14, 'Completed'),
(55, 15, 55, '2025-12-25', 15, 'Completed'),
(56, 16, 56, '2025-12-26', 16, 'Pending'),
(57, 17, 57, '2025-12-27', 17, 'Completed'),
(58, 18, 58, '2025-12-28', 18, 'Completed'),
(59, 19, 59, '2025-12-29', 19, 'Pending'),
(60, 20, 60, '2025-12-30', 20, 'Completed'),
(61, 1, 61, '2025-12-01', 1, 'Completed'),
(62, 2, 62, '2025-12-02', 2, 'Completed'),
(63, 3, 63, '2025-12-03', 3, 'Pending'),
(64, 4, 64, '2025-12-04', 4, 'Completed'),
(65, 5, 65, '2025-12-05', 5, 'Completed'),
(66, 6, 66, '2025-12-06', 6, 'Pending'),
(67, 7, 67, '2025-12-07', 7, 'Completed'),
(68, 8, 68, '2025-12-08', 8, 'Completed'),
(69, 9, 69, '2025-12-09', 9, 'Pending'),
(70, 10, 70, '2025-12-10', 10, 'Completed'),
(71, 11, 71, '2025-12-11', 11, 'Completed'),
(72, 12, 72, '2025-12-12', 12, 'Completed'),
(73, 13, 73, '2025-12-13', 13, 'Pending'),
(74, 14, 74, '2025-12-14', 14, 'Completed'),
(75, 15, 75, '2025-12-15', 15, 'Completed'),
(76, 16, 76, '2025-12-16', 16, 'Pending'),
(77, 17, 77, '2025-12-17', 17, 'Completed'),
(78, 18, 78, '2025-12-18', 18, 'Completed'),
(79, 19, 79, '2025-12-19', 19, 'Pending'),
(80, 20, 80, '2025-12-20', 20, 'Completed'),
(81, 1, 81, '2025-12-21', 1, 'Completed'),
(82, 2, 82, '2025-12-22', 2, 'Completed'),
(83, 3, 83, '2025-12-23', 3, 'Pending'),
(84, 4, 84, '2025-12-24', 4, 'Completed'),
(85, 5, 85, '2025-12-25', 5, 'Completed'),
(86, 6, 86, '2025-12-26', 6, 'Pending'),
(87, 7, 87, '2025-12-27', 7, 'Completed'),
(88, 8, 88, '2025-12-28', 8, 'Completed'),
(89, 9, 89, '2025-12-29', 9, 'Pending'),
(90, 10, 90, '2025-12-30', 10, 'Completed'),
(91, 11, 91, '2025-12-01', 11, 'Completed'),
(92, 12, 92, '2025-12-02', 12, 'Completed'),
(93, 13, 93, '2025-12-03', 13, 'Pending'),
(94, 14, 94, '2025-12-04', 14, 'Completed'),
(95, 15, 95, '2025-12-05', 15, 'Completed'),
(96, 16, 96, '2025-12-06', 16, 'Pending'),
(97, 17, 97, '2025-12-07', 17, 'Completed'),
(98, 18, 98, '2025-12-08', 18, 'Completed'),
(99, 19, 99, '2025-12-09', 19, 'Pending'),
(100, 20, 100, '2025-12-10', 20, 'Completed');

-- ===================================================
-- ===================================================
-- ==================================================
-- samaa

CREATE TABLE MaintenanceRequest(
  RequestID INT PRIMARY KEY,
  ROOM_ID INT NOT NULL,
  RequestDate DATE,
  Description VARCHAR(50),
  HandledBy INT,
  Status CHAR(20) CHECK (Status IN ('Pending', 'Completed')),
  FOREIGN KEY (ROOM_ID) REFERENCES ROOMS(ROOM_ID) ON DELETE CASCADE,
  FOREIGN KEY (HandledBy) REFERENCES EMPLOYEE(EMPLOYEE_ID) ON DELETE SET NULL
);


INSERT INTO MaintenanceRequest (RequestID, ROOM_ID, RequestDate, Description, HandledBy, Status) VALUES
(1, 1, '2025-12-01', 'Air conditioner not working', 1, 'Pending'),
(2, 2, '2025-12-02', 'Leaking faucet', 2, 'Completed'),
(3, 3, '2025-12-03', 'Light bulb replacement', 3, 'Pending'),
(4, 4, '2025-12-04', 'Door lock malfunction', 4, 'Completed'),
(5, 5, '2025-12-05', 'TV not working', 5, 'Pending'),
(6, 6, '2025-12-06', 'Bathroom drain clogged', 6, 'Completed'),
(7, 7, '2025-12-07', 'Heating issue', 7, 'Pending'),
(8, 8, '2025-12-08', 'Window broken', 8, 'Completed'),
(9, 9, '2025-12-09', 'Shower not working', 9, 'Pending'),
(10, 10, '2025-12-10', 'Furniture repair', 10, 'Completed'),
(11, 11, '2025-12-11', 'AC filter replacement', 11, 'Pending'),
(12, 12, '2025-12-12', 'Ceiling leak', 12, 'Completed'),
(13, 13, '2025-12-13', 'Electric socket not working', 13, 'Pending'),
(14, 14, '2025-12-14', 'Water heater issue', 14, 'Completed'),
(15, 15, '2025-12-15', 'Painting needed', 15, 'Pending'),
(16, 16, '2025-12-16', 'Door hinge repair', 16, 'Completed'),
(17, 17, '2025-12-17', 'TV remote issue', 17, 'Pending'),
(18, 18, '2025-12-18', 'Shower head replacement', 18, 'Completed'),
(19, 19, '2025-12-19', 'Curtains torn', 19, 'Pending'),
(20, 20, '2025-12-20', 'Bed repair', 20, 'Completed'),
(21, 21, '2025-12-01', 'Air conditioner not cooling', 1, 'Pending'),
(22, 22, '2025-12-02', 'Leaking pipe', 2, 'Completed'),
(23, 23, '2025-12-03', 'Light flickering', 3, 'Pending'),
(24, 24, '2025-12-04', 'Door lock replacement', 4, 'Completed'),
(25, 25, '2025-12-05', 'TV cable issue', 5, 'Pending'),
(26, 26, '2025-12-06', 'Sink leaking', 6, 'Completed'),
(27, 27, '2025-12-07', 'Heating not working', 7, 'Pending'),
(28, 28, '2025-12-08', 'Window lock broken', 8, 'Completed'),
(29, 29, '2025-12-09', 'Shower leak', 9, 'Pending'),
(30, 30, '2025-12-10', 'Furniture scratches', 10, 'Completed'),
(31, 31, '2025-12-11', 'AC noisy', 11, 'Pending'),
(32, 32, '2025-12-12', 'Ceiling crack', 12, 'Completed'),
(33, 33, '2025-12-13', 'Socket loose', 13, 'Pending'),
(34, 34, '2025-12-14', 'Water heater leaking', 14, 'Completed'),
(35, 35, '2025-12-15', 'Wall paint peeling', 15, 'Pending'),
(36, 36, '2025-12-16', 'Door jammed', 16, 'Completed'),
(37, 37, '2025-12-17', 'TV picture flicker', 17, 'Pending'),
(38, 38, '2025-12-18', 'Shower knob broken', 18, 'Completed'),
(39, 39, '2025-12-19', 'Curtains need cleaning', 19, 'Pending'),
(40, 40, '2025-12-20', 'Bed squeaky', 20, 'Completed'),
(41, 41, '2025-12-01', 'AC not cooling properly', 1, 'Pending'),
(42, 42, '2025-12-02', 'Pipe noise', 2, 'Completed'),
(43, 43, '2025-12-03', 'Light switch faulty', 3, 'Pending'),
(44, 44, '2025-12-04', 'Door handle loose', 4, 'Completed'),
(45, 45, '2025-12-05', 'TV sound issue', 5, 'Pending'),
(46, 46, '2025-12-06', 'Bathroom leak', 6, 'Completed'),
(47, 47, '2025-12-07', 'Heater not working', 7, 'Pending'),
(48, 48, '2025-12-08', 'Window blind broken', 8, 'Completed'),
(49, 49, '2025-12-09', 'Shower clog', 9, 'Pending'),
(50, 50, '2025-12-10', 'Furniture fix', 10, 'Completed'),
(51, 51, '2025-12-11', 'AC filter dirty', 11, 'Pending'),
(52, 52, '2025-12-12', 'Ceiling damage', 12, 'Completed'),
(53, 53, '2025-12-13', 'Socket issue', 13, 'Pending'),
(54, 54, '2025-12-14', 'Water heater not heating', 14, 'Completed'),
(55, 55, '2025-12-15', 'Paint touchup', 15, 'Pending'),
(56, 56, '2025-12-16', 'Door squeaky', 16, 'Completed'),
(57, 57, '2025-12-17', 'TV remote battery', 17, 'Pending'),
(58, 58, '2025-12-18', 'Shower water weak', 18, 'Completed'),
(59, 59, '2025-12-19', 'Curtains faded', 19, 'Pending'),
(60, 60, '2025-12-20', 'Bed mattress issue', 20, 'Completed'),
(61, 61, '2025-12-01', 'AC coolant refill', 1, 'Pending'),
(62, 62, '2025-12-02', 'Pipe replacement', 2, 'Completed'),
(63, 63, '2025-12-03', 'Light bulb replacement', 3, 'Pending'),
(64, 64, '2025-12-04', 'Door frame repair', 4, 'Completed'),
(65, 65, '2025-12-05', 'TV antenna fix', 5, 'Pending'),
(66, 66, '2025-12-06', 'Sink drain repair', 6, 'Completed'),
(67, 67, '2025-12-07', 'Heater noise', 7, 'Pending'),
(68, 68, '2025-12-08', 'Window glass crack', 8, 'Completed'),
(69, 69, '2025-12-09', 'Shower knob issue', 9, 'Pending'),
(70, 70, '2025-12-10', 'Furniture polish', 10, 'Completed'),
(71, 71, '2025-12-11', 'AC remote issue', 11, 'Pending'),
(72, 72, '2025-12-12', 'Ceiling water stain', 12, 'Completed'),
(73, 73, '2025-12-13', 'Socket short circuit', 13, 'Pending'),
(74, 74, '2025-12-14', 'Water heater check', 14, 'Completed'),
(75, 75, '2025-12-15', 'Paint refresh', 15, 'Pending'),
(76, 76, '2025-12-16', 'Door alignment', 16, 'Completed'),
(77, 77, '2025-12-17', 'TV screen issue', 17, 'Pending'),
(78, 78, '2025-12-18', 'Shower head leak', 18, 'Completed'),
(79, 79, '2025-12-19', 'Curtains fix', 19, 'Pending'),
(80, 80, '2025-12-20', 'Bed frame repair', 20, 'Completed'),
(81, 81, '2025-12-01', 'AC motor check', 1, 'Pending'),
(82, 82, '2025-12-02', 'Pipe joint leak', 2, 'Completed'),
(83, 83, '2025-12-03', 'Light switch replacement', 3, 'Pending'),
(84, 84, '2025-12-04', 'Door knob replacement', 4, 'Completed'),
(85, 85, '2025-12-05', 'TV signal issue', 5, 'Pending'),
(86, 86, '2025-12-06', 'Bathroom tiles repair', 6, 'Completed'),
(87, 87, '2025-12-07', 'Heater replacement', 7, 'Pending'),
(88, 88, '2025-12-08', 'Window handle repair', 8, 'Completed'),
(89, 89, '2025-12-09', 'Shower hose issue', 9, 'Pending'),
(90, 90, '2025-12-10', 'Furniture reupholster', 10, 'Completed'),
(91, 91, '2025-12-11', 'AC thermostat', 11, 'Pending'),
(92, 92, '2025-12-12', 'Ceiling fan repair', 12, 'Completed'),
(93, 93, '2025-12-13', 'Socket replacement', 13, 'Pending'),
(94, 94, '2025-12-14', 'Water heater flush', 14, 'Completed'),
(95, 95, '2025-12-15', 'Paint touch', 15, 'Pending'),
(96, 96, '2025-12-16', 'Door seal fix', 16, 'Completed'),
(97, 97, '2025-12-17', 'TV speaker issue', 17, 'Pending'),
(98, 98, '2025-12-18', 'Shower glass repair', 18, 'Completed'),
(99, 99, '2025-12-19', 'Curtains replacement', 19, 'Pending'),
(100, 100, '2025-12-20', 'Bed mattress replacement', 20, 'Completed');



CREATE TABLE discount(
  discount_id INT PRIMARY KEY,
  RESERVATION_ID INT NOT NULL,
  discountname VARCHAR(100),
  discounttype VARCHAR(20) CHECK (discounttype IN ('percentage', 'fixedamount')),
  discountvalue DECIMAL(10,2),
  validfrom DATE,
  validto DATE,
  FOREIGN KEY (RESERVATION_ID) REFERENCES RESERVATION(RESERVATION_ID) ON DELETE CASCADE
);


INSERT INTO discount (discount_id, RESERVATION_ID, discountname, discounttype, discountvalue, validfrom, validto) VALUES
(1, 1, 'Winter Sale', 'percentage', 10.00, '2025-12-01', '2025-12-31'),
(2, 2, 'Early Bird', 'fixedamount', 50.00, '2025-11-01', '2025-12-15'),
(3, 3, 'Holiday Offer', 'percentage', 15.00, '2025-12-05', '2025-12-25'),
(4, 4, 'Weekend Special', 'fixedamount', 30.00, '2025-12-06', '2025-12-14'),
(5, 5, 'New Year Promo', 'percentage', 20.00, '2025-12-20', '2026-01-10'),
(6, 6, 'Loyalty Discount', 'fixedamount', 40.00, '2025-12-01', '2025-12-31'),
(7, 7, 'Festive Deal', 'percentage', 12.50, '2025-12-10', '2025-12-31'),
(8, 8, 'Special Offer', 'fixedamount', 25.00, '2025-12-05', '2025-12-20'),
(9, 9, 'Holiday Sale', 'percentage', 18.00, '2025-12-15', '2025-12-31'),
(10, 10, 'VIP Discount', 'fixedamount', 60.00, '2025-12-01', '2025-12-31'),
(11, 11, 'Winter Sale', 'percentage', 10.00, '2025-12-01', '2025-12-31'),
(12, 12, 'Early Bird', 'fixedamount', 50.00, '2025-11-01', '2025-12-15'),
(13, 13, 'Holiday Offer', 'percentage', 15.00, '2025-12-05', '2025-12-25'),
(14, 14, 'Weekend Special', 'fixedamount', 30.00, '2025-12-06', '2025-12-14'),
(15, 15, 'New Year Promo', 'percentage', 20.00, '2025-12-20', '2026-01-10'),
(16, 16, 'Loyalty Discount', 'fixedamount', 40.00, '2025-12-01', '2025-12-31'),
(17, 17, 'Festive Deal', 'percentage', 12.50, '2025-12-10', '2025-12-31'),
(18, 18, 'Special Offer', 'fixedamount', 25.00, '2025-12-05', '2025-12-20'),
(19, 19, 'Holiday Sale', 'percentage', 18.00, '2025-12-15', '2025-12-31'),
(20, 20, 'VIP Discount', 'fixedamount', 60.00, '2025-12-01', '2025-12-31'),
(21, 21, 'Winter Sale', 'percentage', 10.00, '2025-12-01', '2025-12-31'),
(22, 22, 'Early Bird', 'fixedamount', 50.00, '2025-11-01', '2025-12-15'),
(23, 23, 'Holiday Offer', 'percentage', 15.00, '2025-12-05', '2025-12-25'),
(24, 24, 'Weekend Special', 'fixedamount', 30.00, '2025-12-06', '2025-12-14'),
(25, 25, 'New Year Promo', 'percentage', 20.00, '2025-12-20', '2026-01-10'),
(26, 26, 'Loyalty Discount', 'fixedamount', 40.00, '2025-12-01', '2025-12-31'),
(27, 27, 'Festive Deal', 'percentage', 12.50, '2025-12-10', '2025-12-31'),
(28, 28, 'Special Offer', 'fixedamount', 25.00, '2025-12-05', '2025-12-20'),
(29, 29, 'Holiday Sale', 'percentage', 18.00, '2025-12-15', '2025-12-31'),
(30, 30, 'VIP Discount', 'fixedamount', 60.00, '2025-12-01', '2025-12-31'),
(31, 31, 'Winter Sale', 'percentage', 10.00, '2025-12-01', '2025-12-31'),
(32, 32, 'Early Bird', 'fixedamount', 50.00, '2025-11-01', '2025-12-15'),
(33, 33, 'Holiday Offer', 'percentage', 15.00, '2025-12-05', '2025-12-25'),
(34, 34, 'Weekend Special', 'fixedamount', 30.00, '2025-12-06', '2025-12-14'),
(35, 35, 'New Year Promo', 'percentage', 20.00, '2025-12-20', '2026-01-10'),
(36, 36, 'Loyalty Discount', 'fixedamount', 40.00, '2025-12-01', '2025-12-31'),
(37, 37, 'Festive Deal', 'percentage', 12.50, '2025-12-10', '2025-12-31'),
(38, 38, 'Special Offer', 'fixedamount', 25.00, '2025-12-05', '2025-12-20'),
(39, 39, 'Holiday Sale', 'percentage', 18.00, '2025-12-15', '2025-12-31'),
(40, 40, 'VIP Discount', 'fixedamount', 60.00, '2025-12-01', '2025-12-31'),
(41, 41, 'Winter Sale', 'percentage', 10.00, '2025-12-01', '2025-12-31'),
(42, 42, 'Early Bird', 'fixedamount', 50.00, '2025-11-01', '2025-12-15'),
(43, 43, 'Holiday Offer', 'percentage', 15.00, '2025-12-05', '2025-12-25'),
(44, 44, 'Weekend Special', 'fixedamount', 30.00, '2025-12-06', '2025-12-14'),
(45, 45, 'New Year Promo', 'percentage', 20.00, '2025-12-20', '2026-01-10'),
(46, 46, 'Loyalty Discount', 'fixedamount', 40.00, '2025-12-01', '2025-12-31'),
(47, 47, 'Festive Deal', 'percentage', 12.50, '2025-12-10', '2025-12-31'),
(48, 48, 'Special Offer', 'fixedamount', 25.00, '2025-12-05', '2025-12-20'),
(49, 49, 'Holiday Sale', 'percentage', 18.00, '2025-12-15', '2025-12-31'),
(50, 50, 'VIP Discount', 'fixedamount', 60.00, '2025-12-01', '2025-12-31'),
(51, 51, 'Winter Sale', 'percentage', 10.00, '2025-12-01', '2025-12-31'),
(52, 52, 'Early Bird', 'fixedamount', 50.00, '2025-11-01', '2025-12-15'),
(53, 53, 'Holiday Offer', 'percentage', 15.00, '2025-12-05', '2025-12-25'),
(54, 54, 'Weekend Special', 'fixedamount', 30.00, '2025-12-06', '2025-12-14'),
(55, 55, 'New Year Promo', 'percentage', 20.00, '2025-12-20', '2026-01-10'),
(56, 56, 'Loyalty Discount', 'fixedamount', 40.00, '2025-12-01', '2025-12-31'),
(57, 57, 'Festive Deal', 'percentage', 12.50, '2025-12-10', '2025-12-31'),
(58, 58, 'Special Offer', 'fixedamount', 25.00, '2025-12-05', '2025-12-20'),
(59, 59, 'Holiday Sale', 'percentage', 18.00, '2025-12-15', '2025-12-31'),
(60, 60, 'VIP Discount', 'fixedamount', 60.00, '2025-12-01', '2025-12-31'),
(61, 61, 'Winter Sale', 'percentage', 10.00, '2025-12-01', '2025-12-31'),
(62, 62, 'Early Bird', 'fixedamount', 50.00, '2025-11-01', '2025-12-15'),
(63, 63, 'Holiday Offer', 'percentage', 15.00, '2025-12-05', '2025-12-25'),
(64, 64, 'Weekend Special', 'fixedamount', 30.00, '2025-12-06', '2025-12-14'),
(65, 65, 'New Year Promo', 'percentage', 20.00, '2025-12-20', '2026-01-10'),
(66, 66, 'Loyalty Discount', 'fixedamount', 40.00, '2025-12-01', '2025-12-31'),
(67, 67, 'Festive Deal', 'percentage', 12.50, '2025-12-10', '2025-12-31'),
(68, 68, 'Special Offer', 'fixedamount', 25.00, '2025-12-05', '2025-12-20'),
(69, 69, 'Holiday Sale', 'percentage', 18.00, '2025-12-15', '2025-12-31'),
(70, 70, 'VIP Discount', 'fixedamount', 60.00, '2025-12-01', '2025-12-31'),
(71, 71, 'Winter Sale', 'percentage', 10.00, '2025-12-01', '2025-12-31'),
(72, 72, 'Early Bird', 'fixedamount', 50.00, '2025-11-01', '2025-12-15'),
(73, 73, 'Holiday Offer', 'percentage', 15.00, '2025-12-05', '2025-12-25'),
(74, 74, 'Weekend Special', 'fixedamount', 30.00, '2025-12-06', '2025-12-14'),
(75, 75, 'New Year Promo', 'percentage', 20.00, '2025-12-20', '2026-01-10'),
(76, 76, 'Loyalty Discount', 'fixedamount', 40.00, '2025-12-01', '2025-12-31'),
(77, 77, 'Festive Deal', 'percentage', 12.50, '2025-12-10', '2025-12-31'),
(78, 78, 'Special Offer', 'fixedamount', 25.00, '2025-12-05', '2025-12-20'),
(79, 79, 'Holiday Sale', 'percentage', 18.00, '2025-12-15', '2025-12-31'),
(80, 80, 'VIP Discount', 'fixedamount', 60.00, '2025-12-01', '2025-12-31'),
(81, 81, 'Winter Sale', 'percentage', 10.00, '2025-12-01', '2025-12-31'),
(82, 82, 'Early Bird', 'fixedamount', 50.00, '2025-11-01', '2025-12-15'),
(83, 83, 'Holiday Offer', 'percentage', 15.00, '2025-12-05', '2025-12-25'),
(84, 84, 'Weekend Special', 'fixedamount', 30.00, '2025-12-06', '2025-12-14'),
(85, 85, 'New Year Promo', 'percentage', 20.00, '2025-12-20', '2026-01-10'),
(86, 86, 'Loyalty Discount', 'fixedamount', 40.00, '2025-12-01', '2025-12-31'),
(87, 87, 'Festive Deal', 'percentage', 12.50, '2025-12-10', '2025-12-31'),
(88, 88, 'Special Offer', 'fixedamount', 25.00, '2025-12-05', '2025-12-20'),
(89, 89, 'Holiday Sale', 'percentage', 18.00, '2025-12-15', '2025-12-31'),
(90, 90, 'VIP Discount', 'fixedamount', 60.00, '2025-12-01', '2025-12-31'),
(91, 91, 'Winter Sale', 'percentage', 10.00, '2025-12-01', '2025-12-31'),
(92, 92, 'Early Bird', 'fixedamount', 50.00, '2025-11-01', '2025-12-15'),
(93, 93, 'Holiday Offer', 'percentage', 15.00, '2025-12-05', '2025-12-25'),
(94, 94, 'Weekend Special', 'fixedamount', 30.00, '2025-12-06', '2025-12-14'),
(95, 95, 'New Year Promo', 'percentage', 20.00, '2025-12-20', '2026-01-10'),
(96, 96, 'Loyalty Discount', 'fixedamount', 40.00, '2025-12-01', '2025-12-31'),
(97, 97, 'Festive Deal', 'percentage', 12.50, '2025-12-10', '2025-12-31'),
(98, 98, 'Special Offer', 'fixedamount', 25.00, '2025-12-05', '2025-12-20'),
(99, 99, 'Holiday Sale', 'percentage', 18.00, '2025-12-15', '2025-12-31'),
(100, 100, 'VIP Discount', 'fixedamount', 60.00, '2025-12-01', '2025-12-31');


CREATE TABLE Inventory(
  Inventory_ID INT PRIMARY KEY,
  ItemName VARCHAR(50),
  Quantity INT,
  UnitPrice DECIMAL(10,2),
  Category VARCHAR(50)
);

INSERT INTO Inventory (Inventory_ID, ItemName, Quantity, UnitPrice, Category) VALUES
(1, 'Bath Towels', 120, 15.50, 'Linen'),
(2, 'Pillows', 80, 25.00, 'Linen'),
(3, 'Bed Sheets', 100, 30.00, 'Linen'),
(4, 'Shampoo Bottles', 200, 5.00, 'Toiletries'),
(5, 'Soap Bars', 300, 2.50, 'Toiletries'),
(6, 'Conditioner', 180, 6.50, 'Toiletries'),
(7, 'Toothpaste', 150, 3.00, 'Toiletries'),
(8, 'Hair Dryer', 25, 45.00, 'Electronics'),
(9, 'Iron', 20, 40.00, 'Electronics'),
(10, 'Television Remote', 50, 12.00, 'Electronics'),
(11, 'Coffee Cups', 120, 4.50, 'Kitchenware'),
(12, 'Plates', 100, 6.00, 'Kitchenware'),
(13, 'Glasses', 80, 5.50, 'Kitchenware'),
(14, 'Forks', 200, 2.00, 'Kitchenware'),
(15, 'Knives', 150, 2.50, 'Kitchenware'),
(16, 'Spoons', 200, 2.00, 'Kitchenware'),
(17, 'Desk Lamps', 30, 35.00, 'Electronics'),
(18, 'Office Chairs', 25, 75.00, 'Furniture'),
(19, 'Tables', 15, 120.00, 'Furniture'),
(20, 'Wardrobes', 10, 200.00, 'Furniture'),
(21, 'Curtains', 50, 40.00, 'Furniture'),
(22, 'Bedside Lamps', 40, 20.00, 'Furniture'),
(23, 'Coffee Machines', 15, 80.00, 'Kitchenware'),
(24, 'Kettles', 30, 25.00, 'Kitchenware'),
(25, 'Mini Fridges', 12, 150.00, 'Electronics'),
(26, 'Hair Comb', 100, 1.50, 'Toiletries'),
(27, 'Laundry Detergent', 50, 10.00, 'Cleaning'),
(28, 'Mop', 30, 12.00, 'Cleaning'),
(29, 'Broom', 40, 8.00, 'Cleaning'),
(30, 'Vacuum Cleaner', 10, 120.00, 'Cleaning'),
(31, 'Bathroom Cleaner', 60, 7.50, 'Cleaning'),
(32, 'Desk Organizer', 25, 15.00, 'Office Supplies'),
(33, 'Stationery Set', 50, 10.00, 'Office Supplies'),
(34, 'Notebooks', 100, 3.50, 'Office Supplies'),
(35, 'Pens', 200, 1.00, 'Office Supplies'),
(36, 'Pencils', 150, 0.50, 'Office Supplies'),
(37, 'Markers', 80, 2.50, 'Office Supplies'),
(38, 'Whiteboard', 10, 60.00, 'Office Supplies'),
(39, 'Trash Bags', 150, 0.80, 'Cleaning'),
(40, 'Hand Towels', 120, 6.50, 'Linen'),
(41, 'Floor Mats', 60, 12.00, 'Linen'),
(42, 'Shower Curtains', 40, 15.00, 'Linen'),
(43, 'Pillow Cases', 100, 5.00, 'Linen'),
(44, 'Table Cloth', 30, 18.00, 'Linen'),
(45, 'Napkins', 200, 1.50, 'Kitchenware'),
(46, 'Wine Glasses', 50, 8.00, 'Kitchenware'),
(47, 'Cutting Board', 40, 10.00, 'Kitchenware'),
(48, 'Oven Mitts', 30, 6.00, 'Kitchenware'),
(49, 'Dish Soap', 100, 3.00, 'Cleaning'),
(50, 'Bathroom Towels', 100, 14.00, 'Linen'),
(51, 'Shower Gel', 150, 4.50, 'Toiletries'),
(52, 'Hand Soap', 200, 2.00, 'Toiletries'),
(53, 'Face Towels', 120, 5.50, 'Linen'),
(54, 'Water Pitcher', 30, 7.00, 'Kitchenware'),
(55, 'Serving Tray', 25, 10.00, 'Kitchenware'),
(56, 'Blender', 12, 55.00, 'Kitchenware'),
(57, 'Microwave', 10, 200.00, 'Electronics'),
(58, 'Room Heater', 15, 80.00, 'Electronics'),
(59, 'Air Conditioner', 8, 500.00, 'Electronics'),
(60, 'Fan', 20, 35.00, 'Electronics'),
(61, 'Alarm Clock', 30, 15.00, 'Electronics'),
(62, 'Laundry Basket', 25, 10.00, 'Cleaning'),
(63, 'Ironing Board', 10, 40.00, 'Cleaning'),
(64, 'Waste Bin', 50, 5.00, 'Cleaning'),
(65, 'Mug', 100, 3.50, 'Kitchenware'),
(66, 'Soup Bowl', 80, 4.00, 'Kitchenware'),
(67, 'Serving Spoon', 150, 1.50, 'Kitchenware'),
(68, 'Salt & Pepper Set', 60, 5.00, 'Kitchenware'),
(69, 'Teapot', 20, 25.00, 'Kitchenware'),
(70, 'Desk Clock', 15, 12.00, 'Office Supplies'),
(71, 'Notebook Holder', 30, 8.00, 'Office Supplies'),
(72, 'Pen Holder', 40, 6.00, 'Office Supplies'),
(73, 'Stapler', 20, 10.00, 'Office Supplies'),
(74, 'Paper Clips', 200, 0.50, 'Office Supplies'),
(75, 'Binder', 50, 4.00, 'Office Supplies'),
(76, 'Calculator', 15, 25.00, 'Office Supplies'),
(77, 'Desk Chair', 10, 80.00, 'Furniture'),
(78, 'Couch', 5, 300.00, 'Furniture'),
(79, 'Coffee Table', 8, 100.00, 'Furniture'),
(80, 'Night Stand', 20, 40.00, 'Furniture'),
(81, 'Wall Clock', 15, 30.00, 'Furniture'),
(82, 'Floor Lamp', 10, 50.00, 'Furniture'),
(83, 'Bed Frame', 10, 150.00, 'Furniture'),
(84, 'Mattress', 12, 180.00, 'Furniture'),
(85, 'Blanket', 50, 20.00, 'Linen'),
(86, 'Throw Pillow', 60, 12.00, 'Linen'),
(87, 'Shower Cap', 100, 1.50, 'Toiletries'),
(88, 'Cotton Swabs', 150, 1.00, 'Toiletries'),
(89, 'Body Lotion', 80, 6.00, 'Toiletries'),
(90, 'Face Cream', 70, 8.00, 'Toiletries'),
(91, 'Tea Cups', 100, 4.00, 'Kitchenware'),
(92, 'Sauce Pan', 20, 25.00, 'Kitchenware'),
(93, 'Frying Pan', 15, 20.00, 'Kitchenware'),
(94, 'Cutlery Set', 40, 15.00, 'Kitchenware'),
(95, 'Dish Rack', 20, 12.00, 'Kitchenware'),
(96, 'Apron', 30, 10.00, 'Kitchenware'),
(97, 'Trash Can', 25, 15.00, 'Cleaning'),
(98, 'Bathroom Mat', 40, 12.00, 'Linen'),
(99, 'Shower Stool', 15, 35.00, 'Furniture'),
(100, 'Ironing Spray', 30, 6.00, 'Cleaning');

-- ==================================================
-- =================================================
-- ==================================================
-- @@@@@@@@@@@@@@@@@@@@@@@@@@@@@@@@@@@@@@@@@@@@@@@@@@@@@@@@@@@@@@@@@@@@@@@@@@@@@@@@@@@@@@@@@@@@@@@@@@@@@@@@@@@@@@
-- @@@@@@@@@@@@@@@@@@@@@@@@@@@@@@@@@@@@@@@@@@@@@@@@@@@@@@@@@@@@@@@@@@@@@@@@@@@@@@@@@@@@@@@@@@@@@@@@@@@@@@@@@@@@@@
-- @@@@@@@@@@@@@@@@@@@@@@@@@@@@@@@@@@@@@@@@@@@@@@@@@@@@@@@@@@@@@@@@@@@@@@@@@@@@@@@@@@@@@@@@@@@@@@@@@@@@@@@@@@@@@@
-- @@@@@@@@@@@@@@@@@@@@@@@@@@@@@@@@@@@@@@@@@@@@@@@@@@@@@@@@@@@@@@@@@@@@@@@@@@@@@@@@@@@@@@@@@@@@@@@@@@@@@@@@@@@@@@
-- @@@@@@@@@@@@@@@@@@@@@@@@@@@@@@@@@@@@@@@@@@@@@@@@@@@@@@@@@@@@@@@@@@@@@@@@@@@@@@@@@@@@@@@@@@@@@@@@@@@@@@@@@@@@@@
-- @@@@@@@@@@@@@@@@@@@@@@@@@@@@@@@@@@@@@@@@@@@@@@@@@@@@@@@@@@@@@@@@@@@@@@@@@@@@@@@@@@@@@@@@@@@@@@@@@@@@@@@@@@@@@@
-- @@@@@@@@@@@@@@@@@@@@@@@@@@@@@@@@@@@@@@@@@@@@@@@@@@@@@@@@@@@@@@@@@@@@@@@@@@@@@@@@@@@@@@@@@@@@@@@@@@@@@@@@@@@@@@
-- @@@@@@@@@@@@@@@@@@@@@@@@@@@@@@@@@@@@@@@@@@@@@@@@@@@@@@@@@@@@@@@@@@@@@@@@@@@@@@@@@@@@@@@@@@@@@@@@@@@@@@@@@@@@@@
-- @@@@@@@@@@@@@@@@@@@@@@@@@@@@@@@@@@@@@@@@@@@@@@@@@@@@@@@@@@@@@@@@@@@@@@@@@@@@@@@@@@@@@@@@@@@@@@@@@@@@@@@@@@@@@@
-- @@@@@@@@@@@@@@@@@@@@@@@@@@@@@@@@@@@@@@@@@@@@@@@@@@@@@@@@@@@@@@@@@@@@@@@@@@@@@@@@@@@@@@@@@@@@@@@@@@@@@@@@@@@@@@

-- ============================================================
-- QUERIES  
-- ============================================================
-- /////////////////////////
-- rozaleen emad roshdy////
-- ///////////////////////
SELECT 
    GUEST_ID,
    SUM(NumGuests) AS TotalGuests
FROM RESERVATION
GROUP BY GUEST_ID
HAVING SUM(NumGuests) > 2;





SELECT 
    HandledBy AS EmployeeID,
    COUNT(*) AS PendingRequests
FROM MaintenanceRequest
WHERE Status = 'Pending'
GROUP BY HandledBy
HAVING COUNT(*) >= 1;


SET SQL_SAFE_UPDATES = 0;

UPDATE RESERVATION
SET TotalPrice = TotalPrice * 1.1
WHERE GUEST_ID IN (
    SELECT GUEST_ID
    FROM RESERVATION
    GROUP BY GUEST_ID
    HAVING SUM(NumGuests) > 2
);

SET SQL_SAFE_UPDATES = 1;

SELECT TypeName, AVG(PricePerNight) AS AvgPrice
FROM Room_Type
GROUP BY TypeName;


-- ////////////////////////////////////////////////////
-- //////////////////////
-- zahow mohey/////////
-- /////////////////
SELECT DISTINCT City
FROM GUEST;

SELECT PaymentID, PaymentAmount, PaymentMethod
FROM PAYMENT
WHERE PaymentAmount > 100;

SELECT DISTINCT Country
FROM EMPLOYEE;

SELECT RoomNO, Floor_Number, Type_ID
FROM ROOMS
WHERE Floor_Number = 1;


SELECT *
FROM GUEST
WHERE FirstName LIKE 'A%';




SELECT *
FROM MaintenanceRequest
WHERE Description LIKE '%not%';


-- /////////////////////////////////////////////////////////////////////////
-- //////////////////////
-- reham elsayed////////
-- ////////////////////


SELECT G.FirstName, G.LastName, R.RESERVATION_ID, R.Status
FROM GUEST G
LEFT JOIN RESERVATION R
ON G.GUEST_ID = R.GUEST_ID;


SELECT G.FirstName, R.RESERVATION_ID
FROM GUEST G
LEFT JOIN RESERVATION R
ON G.GUEST_ID = R.GUEST_ID
UNION
SELECT G.FirstName, R.RESERVATION_ID
FROM GUEST G
RIGHT JOIN RESERVATION R
ON G.GUEST_ID = R.GUEST_ID;


SELECT R.RESERVATION_ID, S.ActualCheckIn, S.ActualCheckOut
FROM RESERVATION R
LEFT JOIN STAY S
ON R.RESERVATION_ID = S.ReservationID;


SELECT M.RequestID, RO.RoomNO, E.FirstName, M.Status
FROM MaintenanceRequest M
INNER JOIN ROOMS RO ON M.ROOM_ID = RO.ROOM_ID
LEFT JOIN EMPLOYEE E ON M.HandledBy = E.EMPLOYEE_ID;

SELECT GUEST_ID, FirstName, LastName
FROM GUEST
WHERE GUEST_ID IN (
    SELECT GUEST_ID
    FROM RESERVATION
    WHERE RESERVATION_ID IN (
        SELECT ReservationID
        FROM PAYMENT
        WHERE Status = 'Paid'
    )
);



SELECT FirstName, LastName, 'Guest' AS PersonType
FROM GUEST
UNION
SELECT FirstName, LastName, 'Employee' AS PersonType
FROM EMPLOYEE;

-- ////////////////////
-- zenab mahmoud//////
-- //////////////////

SELECT  Type_ID, Capacity
FROM Room_Type
WHERE Capacity >= 2
AND PricePerNight IS NOT NULL;





SELECT StayID, ExtraCharges
FROM STAY
WHERE ExtraCharges > 0
AND ActualCheckOut IS NOT NULL;

SELECT PaymentID, PaymentMethod
FROM PAYMENT
WHERE Status = 'Pending'
AND PaymentDate IS NOT NULL;

SELECT discountname, discountvalue
FROM discount
WHERE discounttype = 'percentage'
AND discountvalue IS NOT NULL;





-- ////////////////////////////
-- sama adel//////////////////
-- /////////////////////////////


SELECT RESERVATION_ID, CheckInDate, CheckOutDate, Status
FROM RESERVATION
ORDER BY CheckInDate DESC;





SELECT GUEST_ID, FirstName, LastName
FROM GUEST
ORDER BY GUEST_ID
LIMIT 4;

SELECT RESERVATION_ID, Status, CheckInDate, CheckOutDate
FROM RESERVATION
WHERE Status IN ('Booked', 'CheckedIn');



SELECT PaymentID, PaymentAmount, PaymentMethod
FROM PAYMENT
WHERE PaymentMethod IN ('Cash', 'Card');

